file,path,age,gender
447265-0.jpg,30/112/447265-0.jpg,15,female
443909-0.jpg,30/112/443909-0.jpg,15,female
14820-0.jpg,30/112/14820-0.jpg,15,female
443785-0.jpg,30/112/443785-0.jpg,15,female
5504-0.jpg,30/112/5504-0.jpg,15,female
443980-0.jpg,30/112/443980-0.jpg,15,female
130913-0.jpg,30/112/130913-0.jpg,15,female
443760-0.jpg,30/112/443760-0.jpg,15,female
445887-0.jpg,30/112/445887-0.jpg,15,female
138017-1.jpg,30/112/138017-1.jpg,15,female
153925-0.jpg,30/112/153925-0.jpg,15,female
137687-2.jpg,30/112/137687-2.jpg,15,female
135613-0.jpg,30/112/135613-0.jpg,15,female
71211-0.jpg,30/112/71211-0.jpg,15,female
131664-0.jpg,30/112/131664-0.jpg,15,female
317942-0.jpg,30/112/317942-0.jpg,15,female
445560-0.jpg,30/112/445560-0.jpg,15,female
129551-0.jpg,30/112/129551-0.jpg,15,female
151755-1.jpg,30/112/151755-1.jpg,15,female
445881-0.jpg,30/112/445881-0.jpg,15,female
75209-0.jpg,30/112/75209-0.jpg,15,female
9346-0.jpg,30/112/9346-0.jpg,15,female
11120-2.jpg,30/112/11120-2.jpg,15,female
72037-1.jpg,30/112/72037-1.jpg,15,female
4968-0.jpg,30/112/4968-0.jpg,15,female
445279-0.jpg,30/112/445279-0.jpg,15,female
439733-1.jpg,30/112/439733-1.jpg,15,female
130296-0.jpg,30/112/130296-0.jpg,15,female
137698-0.jpg,30/112/137698-0.jpg,15,female
5343-1.jpg,30/112/5343-1.jpg,15,female
446854-0.jpg,30/112/446854-0.jpg,15,female
133545-1.jpg,30/112/133545-1.jpg,15,female
446842-0.jpg,30/112/446842-0.jpg,15,female
314881-0.jpg,30/112/314881-0.jpg,15,female
130877-0.jpg,30/112/130877-0.jpg,15,female
313830-0.jpg,30/112/313830-0.jpg,15,female
142442-0.jpg,30/112/142442-0.jpg,15,female
435990-0.jpg,30/112/435990-0.jpg,15,female
4581-0.jpg,30/112/4581-0.jpg,15,female
139004-1.jpg,30/112/139004-1.jpg,15,female
442725-0.jpg,30/112/442725-0.jpg,15,female
446031-0.jpg,30/112/446031-0.jpg,15,female
11322-0.jpg,30/112/11322-0.jpg,15,female
137687-0.jpg,30/112/137687-0.jpg,15,female
8673-0.jpg,30/112/8673-0.jpg,15,female
5330-1.jpg,30/112/5330-1.jpg,15,female
71208-1.jpg,30/112/71208-1.jpg,15,female
311387-0.jpg,30/112/311387-0.jpg,15,female
5238-0.jpg,30/112/5238-0.jpg,15,female
5511-0.jpg,30/112/5511-0.jpg,15,female
435700-2.jpg,30/112/435700-2.jpg,15,female
440447-0.jpg,30/112/440447-0.jpg,15,female
135380-0.jpg,30/112/135380-0.jpg,15,female
310350-1.jpg,30/112/310350-1.jpg,15,female
444605-0.jpg,30/112/444605-0.jpg,15,female
133185-0.jpg,30/112/133185-0.jpg,15,female
445887-2.jpg,30/112/445887-2.jpg,15,female
131436-1.jpg,30/112/131436-1.jpg,15,female
442712-1.jpg,30/112/442712-1.jpg,15,female
445573-0.jpg,30/112/445573-0.jpg,15,female
441550-0.jpg,30/112/441550-0.jpg,15,female
445887-1.jpg,30/112/445887-1.jpg,15,female
133620-0.jpg,30/112/133620-0.jpg,15,female
443734-4.jpg,30/112/443734-4.jpg,15,female
442822-1.jpg,30/112/442822-1.jpg,15,female
134324-0.jpg,30/112/134324-0.jpg,15,female
309805-0.jpg,30/112/309805-0.jpg,15,female
444555-0.jpg,30/112/444555-0.jpg,15,female
445722-0.jpg,30/112/445722-0.jpg,15,female
445235-0.jpg,30/112/445235-0.jpg,15,female
444036-0.jpg,30/112/444036-0.jpg,15,female
446198-0.jpg,30/112/446198-0.jpg,15,female
315866-1.jpg,30/112/315866-1.jpg,15,female
445519-0.jpg,30/112/445519-0.jpg,15,female
136439-0.jpg,30/112/136439-0.jpg,15,female
443211-0.jpg,30/112/443211-0.jpg,15,female
316160-0.jpg,30/112/316160-0.jpg,15,female
447582-0.jpg,30/112/447582-0.jpg,15,female
150575-0.jpg,30/112/150575-0.jpg,15,female
444424-0.jpg,30/112/444424-0.jpg,15,female
77815-0.jpg,30/112/77815-0.jpg,15,female
10143-0.jpg,30/112/10143-0.jpg,15,female
6287-0.jpg,30/112/6287-0.jpg,15,female
444297-1.jpg,30/112/444297-1.jpg,15,female
128745-0.jpg,30/112/128745-0.jpg,15,female
312022-0.jpg,30/112/312022-0.jpg,15,female
447175-4.jpg,30/112/447175-4.jpg,15,female
9487-0.jpg,30/112/9487-0.jpg,15,female
149974-0.jpg,30/112/149974-0.jpg,15,female
67838-0.jpg,30/112/67838-0.jpg,15,female
138922-0.jpg,30/112/138922-0.jpg,15,female
16295-1.jpg,30/112/16295-1.jpg,15,female
444175-1.jpg,30/112/444175-1.jpg,15,female
129952-0.jpg,30/112/129952-0.jpg,15,female
136575-0.jpg,30/112/136575-0.jpg,15,female
444821-0.jpg,30/112/444821-0.jpg,15,female
128785-0.jpg,30/112/128785-0.jpg,15,female
441709-0.jpg,30/112/441709-0.jpg,15,female
446370-4.jpg,30/112/446370-4.jpg,15,female
313600-2.jpg,30/112/313600-2.jpg,15,female
444590-3.jpg,30/112/444590-3.jpg,15,female
128130-0.jpg,30/112/128130-0.jpg,15,female
134059-0.jpg,30/112/134059-0.jpg,15,female
446305-0.jpg,30/112/446305-0.jpg,15,female
310040-0.jpg,30/112/310040-0.jpg,15,female
67761-0.jpg,30/112/67761-0.jpg,15,female
315167-0.jpg,30/112/315167-0.jpg,15,female
70737-0.jpg,30/112/70737-0.jpg,15,female
70424-0.jpg,30/112/70424-0.jpg,15,female
447390-0.jpg,30/112/447390-0.jpg,15,female
445307-0.jpg,30/112/445307-0.jpg,15,female
135262-0.jpg,30/112/135262-0.jpg,15,female
444891-1.jpg,30/112/444891-1.jpg,15,female
68114-0.jpg,30/112/68114-0.jpg,15,female
129286-1.jpg,30/112/129286-1.jpg,15,female
445305-0.jpg,30/112/445305-0.jpg,15,female
445873-0.jpg,30/112/445873-0.jpg,15,female
137876-0.jpg,30/112/137876-0.jpg,15,female
309148-2.jpg,30/112/309148-2.jpg,15,female
171964-1.jpg,30/112/171964-1.jpg,15,female
10280-0.jpg,30/112/10280-0.jpg,15,female
138826-0.jpg,30/112/138826-0.jpg,15,female
137295-0.jpg,30/112/137295-0.jpg,15,female
131516-0.jpg,30/112/131516-0.jpg,15,female
154633-0.jpg,30/112/154633-0.jpg,15,female
11119-0.jpg,30/112/11119-0.jpg,15,female
144082-0.jpg,30/112/144082-0.jpg,15,female
146268-0.jpg,30/112/146268-0.jpg,15,female
137963-1.jpg,30/112/137963-1.jpg,15,female
141008-0.jpg,30/112/141008-0.jpg,15,female
443504-0.jpg,30/112/443504-0.jpg,15,female
9376-0.jpg,30/112/9376-0.jpg,15,female
435711-0.jpg,30/112/435711-0.jpg,15,female
311831-0.jpg,30/112/311831-0.jpg,15,female
133195-0.jpg,30/112/133195-0.jpg,15,female
133029-3.jpg,30/112/133029-3.jpg,15,female
445055-0.jpg,30/112/445055-0.jpg,15,female
130391-0.jpg,30/112/130391-0.jpg,15,female
446224-0.jpg,30/112/446224-0.jpg,15,female
142456-1.jpg,30/112/142456-1.jpg,15,female
444616-0.jpg,30/112/444616-0.jpg,15,female
312118-1.jpg,30/112/312118-1.jpg,15,female
69473-0.jpg,30/112/69473-0.jpg,15,female
167815-0.jpg,30/112/167815-0.jpg,15,female
439412-0.jpg,30/112/439412-0.jpg,15,female
139987-0.jpg,30/112/139987-0.jpg,15,female
315174-1.jpg,30/112/315174-1.jpg,15,female
444606-0.jpg,30/112/444606-0.jpg,15,female
75663-0.jpg,30/112/75663-0.jpg,15,female
441014-0.jpg,30/112/441014-0.jpg,15,female
439610-0.jpg,30/112/439610-0.jpg,15,female
73056-0.jpg,30/112/73056-0.jpg,15,female
311563-0.jpg,30/112/311563-0.jpg,15,female
138976-0.jpg,30/112/138976-0.jpg,15,female
445212-0.jpg,30/112/445212-0.jpg,15,female
445058-0.jpg,30/112/445058-0.jpg,15,female
313293-4.jpg,30/112/313293-4.jpg,15,female
141676-0.jpg,30/112/141676-0.jpg,15,female
445482-0.jpg,30/112/445482-0.jpg,15,female
129846-0.jpg,30/112/129846-0.jpg,15,female
440024-0.jpg,30/112/440024-0.jpg,15,female
15110-0.jpg,30/112/15110-0.jpg,15,female
323515-0.jpg,30/112/323515-0.jpg,15,female
9486-0.jpg,30/112/9486-0.jpg,15,female
443608-0.jpg,30/112/443608-0.jpg,15,female
444415-0.jpg,30/112/444415-0.jpg,15,female
128057-0.jpg,30/112/128057-0.jpg,15,female
315530-0.jpg,30/112/315530-0.jpg,15,female
5236-0.jpg,30/112/5236-0.jpg,15,female
311663-0.jpg,30/112/311663-0.jpg,15,female
129026-0.jpg,30/112/129026-0.jpg,15,female
69467-1.jpg,30/112/69467-1.jpg,15,female
311647-0.jpg,30/112/311647-0.jpg,15,female
133057-0.jpg,30/112/133057-0.jpg,15,female
443941-0.jpg,30/112/443941-0.jpg,15,female
312394-0.jpg,30/112/312394-0.jpg,15,female
70920-0.jpg,30/112/70920-0.jpg,15,female
129992-0.jpg,30/112/129992-0.jpg,15,female
442721-0.jpg,30/112/442721-0.jpg,15,female
444413-0.jpg,30/112/444413-0.jpg,15,female
310046-0.jpg,30/112/310046-0.jpg,15,female
442504-1.jpg,30/112/442504-1.jpg,15,female
310844-0.jpg,30/112/310844-0.jpg,15,female
442488-0.jpg,30/112/442488-0.jpg,15,female
310335-12.jpg,30/112/310335-12.jpg,15,female
445466-1.jpg,30/112/445466-1.jpg,15,female
128684-0.jpg,30/112/128684-0.jpg,15,female
75211-0.jpg,30/112/75211-0.jpg,15,female
10816-0.jpg,30/112/10816-0.jpg,15,female
137069-1.jpg,30/112/137069-1.jpg,15,female
444778-0.jpg,30/112/444778-0.jpg,15,female
128265-0.jpg,30/112/128265-0.jpg,15,female
310335-7.jpg,30/112/310335-7.jpg,15,female
134652-0.jpg,30/112/134652-0.jpg,15,female
445381-0.jpg,30/112/445381-0.jpg,15,female
5510-0.jpg,30/112/5510-0.jpg,15,female
318767-0.jpg,30/112/318767-0.jpg,15,female
445427-0.jpg,30/112/445427-0.jpg,15,female
68253-0.jpg,30/112/68253-0.jpg,15,female
138517-0.jpg,30/112/138517-0.jpg,15,female
443514-0.jpg,30/112/443514-0.jpg,15,female
150848-0.jpg,30/112/150848-0.jpg,15,female
131459-0.jpg,30/112/131459-0.jpg,15,female
313074-0.jpg,30/112/313074-0.jpg,15,female
132773-0.jpg,30/112/132773-0.jpg,15,female
442252-0.jpg,30/112/442252-0.jpg,15,female
310355-0.jpg,30/112/310355-0.jpg,15,female
446941-1.jpg,30/112/446941-1.jpg,15,female
138290-0.jpg,30/112/138290-0.jpg,15,female
68750-0.jpg,30/112/68750-0.jpg,15,female
130227-0.jpg,30/112/130227-0.jpg,15,female
445936-0.jpg,30/112/445936-0.jpg,15,female
136441-0.jpg,30/112/136441-0.jpg,15,female
128394-0.jpg,30/112/128394-0.jpg,15,female
12080-0.jpg,30/112/12080-0.jpg,15,female
439216-0.jpg,30/112/439216-0.jpg,15,female
435910-0.jpg,30/112/435910-0.jpg,15,female
70808-0.jpg,30/112/70808-0.jpg,15,female
68115-0.jpg,30/112/68115-0.jpg,15,female
149257-0.jpg,30/112/149257-0.jpg,15,female
445634-0.jpg,30/112/445634-0.jpg,15,female
137854-1.jpg,30/112/137854-1.jpg,15,female
441496-0.jpg,30/112/441496-0.jpg,15,female
135034-0.jpg,30/112/135034-0.jpg,15,female
440733-0.jpg,30/112/440733-0.jpg,15,female
138134-0.jpg,30/112/138134-0.jpg,15,female
310083-0.jpg,30/112/310083-0.jpg,15,female
125135-0.jpg,30/112/125135-0.jpg,15,female
445472-0.jpg,30/112/445472-0.jpg,15,female
444249-0.jpg,30/112/444249-0.jpg,15,female
446159-0.jpg,30/112/446159-0.jpg,15,female
445680-0.jpg,30/112/445680-0.jpg,15,female
441087-0.jpg,30/112/441087-0.jpg,15,female
312618-0.jpg,30/112/312618-0.jpg,15,female
127139-3.jpg,30/112/127139-3.jpg,15,female
445188-1.jpg,30/112/445188-1.jpg,15,female
10840-0.jpg,30/112/10840-0.jpg,15,female
132311-0.jpg,30/112/132311-0.jpg,15,female
128354-0.jpg,30/112/128354-0.jpg,15,female
126563-0.jpg,30/112/126563-0.jpg,15,female
313313-0.jpg,30/112/313313-0.jpg,15,female
130475-0.jpg,30/112/130475-0.jpg,15,female
132738-0.jpg,30/112/132738-0.jpg,15,female
133590-0.jpg,30/112/133590-0.jpg,15,female
446087-0.jpg,30/112/446087-0.jpg,15,female
126853-0.jpg,30/112/126853-0.jpg,15,female
11196-0.jpg,30/112/11196-0.jpg,15,female
4705-0.jpg,30/112/4705-0.jpg,15,female
318797-0.jpg,30/112/318797-0.jpg,15,female
69998-1.jpg,30/112/69998-1.jpg,15,female
311665-0.jpg,30/112/311665-0.jpg,15,female
4091-0.jpg,30/112/4091-0.jpg,15,female
445801-0.jpg,30/112/445801-0.jpg,15,female
7860-0.jpg,30/112/7860-0.jpg,15,female
8427-0.jpg,30/112/8427-0.jpg,15,female
444004-0.jpg,30/112/444004-0.jpg,15,female
439264-0.jpg,30/112/439264-0.jpg,15,female
309829-2.jpg,30/112/309829-2.jpg,15,female
153924-0.jpg,30/112/153924-0.jpg,15,female
441513-0.jpg,30/112/441513-0.jpg,15,female
143560-0.jpg,30/112/143560-0.jpg,15,female
439572-0.jpg,30/112/439572-0.jpg,15,female
131882-0.jpg,30/112/131882-0.jpg,15,female
444022-0.jpg,30/112/444022-0.jpg,15,female
12943-0.jpg,30/111/12943-0.jpg,15,male
435593-0.jpg,30/111/435593-0.jpg,15,male
69134-0.jpg,30/111/69134-0.jpg,15,male
445693-0.jpg,30/111/445693-0.jpg,15,male
150660-0.jpg,30/111/150660-0.jpg,15,male
141290-0.jpg,30/111/141290-0.jpg,15,male
145152-0.jpg,30/111/145152-0.jpg,15,male
139293-0.jpg,30/111/139293-0.jpg,15,male
5336-0.jpg,30/111/5336-0.jpg,15,male
129157-0.jpg,30/111/129157-0.jpg,15,male
76208-0.jpg,30/111/76208-0.jpg,15,male
73145-1.jpg,30/111/73145-1.jpg,15,male
127205-0.jpg,30/111/127205-0.jpg,15,male
444018-0.jpg,30/111/444018-0.jpg,15,male
130985-0.jpg,30/111/130985-0.jpg,15,male
125279-0.jpg,30/111/125279-0.jpg,15,male
133750-0.jpg,30/111/133750-0.jpg,15,male
436278-0.jpg,30/111/436278-0.jpg,15,male
71314-0.jpg,30/111/71314-0.jpg,15,male
436756-0.jpg,30/111/436756-0.jpg,15,male
9777-0.jpg,30/111/9777-0.jpg,15,male
312220-0.jpg,30/111/312220-0.jpg,15,male
71639-0.jpg,30/111/71639-0.jpg,15,male
4978-0.jpg,30/111/4978-0.jpg,15,male
445491-4.jpg,30/111/445491-4.jpg,15,male
441190-0.jpg,30/111/441190-0.jpg,15,male
442907-1.jpg,30/111/442907-1.jpg,15,male
4872-0.jpg,30/111/4872-0.jpg,15,male
445256-0.jpg,30/111/445256-0.jpg,15,male
6891-0.jpg,30/111/6891-0.jpg,15,male
133793-7.jpg,30/111/133793-7.jpg,15,male
443195-0.jpg,30/111/443195-0.jpg,15,male
444165-0.jpg,30/111/444165-0.jpg,15,male
125031-0.jpg,30/111/125031-0.jpg,15,male
8202-6.jpg,30/111/8202-6.jpg,15,male
444573-0.jpg,30/111/444573-0.jpg,15,male
4578-0.jpg,30/111/4578-0.jpg,15,male
8391-0.jpg,30/111/8391-0.jpg,15,male
138019-0.jpg,30/111/138019-0.jpg,15,male
444864-4.jpg,30/111/444864-4.jpg,15,male
440680-0.jpg,30/111/440680-0.jpg,15,male
138351-0.jpg,30/111/138351-0.jpg,15,male
6199-0.jpg,30/111/6199-0.jpg,15,male
445997-0.jpg,30/111/445997-0.jpg,15,male
129033-0.jpg,30/111/129033-0.jpg,15,male
135179-1.jpg,30/111/135179-1.jpg,15,male
442580-0.jpg,30/111/442580-0.jpg,15,male
129274-0.jpg,30/111/129274-0.jpg,15,male
140878-0.jpg,30/111/140878-0.jpg,15,male
4637-0.jpg,30/111/4637-0.jpg,15,male
441732-0.jpg,30/111/441732-0.jpg,15,male
5227-0.jpg,30/111/5227-0.jpg,15,male
4641-0.jpg,30/111/4641-0.jpg,15,male
128611-0.jpg,30/111/128611-0.jpg,15,male
4516-0.jpg,30/111/4516-0.jpg,15,male
124960-0.jpg,30/111/124960-0.jpg,15,male
4110-0.jpg,30/111/4110-0.jpg,15,male
318809-1.jpg,30/111/318809-1.jpg,15,male
127132-1.jpg,30/111/127132-1.jpg,15,male
315624-0.jpg,30/111/315624-0.jpg,15,male
313082-0.jpg,30/111/313082-0.jpg,15,male
309620-0.jpg,30/111/309620-0.jpg,15,male
443358-1.jpg,30/111/443358-1.jpg,15,male
444118-0.jpg,30/111/444118-0.jpg,15,male
128209-0.jpg,30/111/128209-0.jpg,15,male
4190-4.jpg,30/111/4190-4.jpg,15,male
158007-0.jpg,30/111/158007-0.jpg,15,male
445407-0.jpg,30/111/445407-0.jpg,15,male
71899-0.jpg,30/111/71899-0.jpg,15,male
129179-0.jpg,30/111/129179-0.jpg,15,male
6872-0.jpg,30/111/6872-0.jpg,15,male
442450-0.jpg,30/111/442450-0.jpg,15,male
312621-0.jpg,30/111/312621-0.jpg,15,male
4243-0.jpg,30/111/4243-0.jpg,15,male
443645-0.jpg,30/111/443645-0.jpg,15,male
10666-0.jpg,30/111/10666-0.jpg,15,male
447602-1.jpg,30/111/447602-1.jpg,15,male
10277-0.jpg,30/111/10277-0.jpg,15,male
139233-0.jpg,30/111/139233-0.jpg,15,male
308951-0.jpg,30/111/308951-0.jpg,15,male
445581-0.jpg,30/111/445581-0.jpg,15,male
137009-0.jpg,30/111/137009-0.jpg,15,male
443751-1.jpg,30/111/443751-1.jpg,15,male
308944-1.jpg,30/111/308944-1.jpg,15,male
137080-0.jpg,30/111/137080-0.jpg,15,male
131896-0.jpg,30/111/131896-0.jpg,15,male
135793-1.jpg,30/111/135793-1.jpg,15,male
443573-0.jpg,30/111/443573-0.jpg,15,male
444381-1.jpg,30/111/444381-1.jpg,15,male
4522-0.jpg,30/111/4522-0.jpg,15,male
130930-0.jpg,30/111/130930-0.jpg,15,male
443664-0.jpg,30/111/443664-0.jpg,15,male
128999-2.jpg,30/111/128999-2.jpg,15,male
70274-0.jpg,30/111/70274-0.jpg,15,male
445891-0.jpg,30/111/445891-0.jpg,15,male
70616-0.jpg,30/111/70616-0.jpg,15,male
129328-0.jpg,30/111/129328-0.jpg,15,male
442896-0.jpg,30/111/442896-0.jpg,15,male
70413-3.jpg,30/111/70413-3.jpg,15,male
164898-0.jpg,30/111/164898-0.jpg,15,male
441812-0.jpg,30/111/441812-0.jpg,15,male
312785-11.jpg,30/111/312785-11.jpg,15,male
150922-0.jpg,30/111/150922-0.jpg,15,male
139928-0.jpg,30/111/139928-0.jpg,15,male
446312-0.jpg,30/111/446312-0.jpg,15,male
139270-0.jpg,30/111/139270-0.jpg,15,male
310977-2.jpg,30/111/310977-2.jpg,15,male
71298-0.jpg,30/111/71298-0.jpg,15,male
436480-0.jpg,30/111/436480-0.jpg,15,male
125020-0.jpg,30/111/125020-0.jpg,15,male
134161-0.jpg,30/111/134161-0.jpg,15,male
445807-0.jpg,30/111/445807-0.jpg,15,male
311394-0.jpg,30/111/311394-0.jpg,15,male
5099-0.jpg,30/111/5099-0.jpg,15,male
441446-0.jpg,30/111/441446-0.jpg,15,male
436729-0.jpg,30/111/436729-0.jpg,15,male
128402-0.jpg,30/111/128402-0.jpg,15,male
446741-0.jpg,30/111/446741-0.jpg,15,male
312363-0.jpg,30/111/312363-0.jpg,15,male
436586-0.jpg,30/111/436586-0.jpg,15,male
69610-0.jpg,30/111/69610-0.jpg,15,male
74865-0.jpg,30/111/74865-0.jpg,15,male
311296-0.jpg,30/111/311296-0.jpg,15,male
130536-0.jpg,30/111/130536-0.jpg,15,male
313970-0.jpg,30/111/313970-0.jpg,15,male
69903-0.jpg,30/111/69903-0.jpg,15,male
437341-0.jpg,30/111/437341-0.jpg,15,male
69509-0.jpg,30/111/69509-0.jpg,15,male
137319-0.jpg,30/111/137319-0.jpg,15,male
445491-2.jpg,30/111/445491-2.jpg,15,male
444810-0.jpg,30/111/444810-0.jpg,15,male
447544-0.jpg,30/111/447544-0.jpg,15,male
313838-0.jpg,30/111/313838-0.jpg,15,male
129098-0.jpg,30/111/129098-0.jpg,15,male
143674-0.jpg,30/111/143674-0.jpg,15,male
129449-2.jpg,30/111/129449-2.jpg,15,male
146671-1.jpg,30/111/146671-1.jpg,15,male
303833-0.jpg,30/111/303833-0.jpg,15,male
438893-0.jpg,30/111/438893-0.jpg,15,male
129673-0.jpg,30/111/129673-0.jpg,15,male
311219-0.jpg,30/111/311219-0.jpg,15,male
74435-0.jpg,30/111/74435-0.jpg,15,male
445487-0.jpg,30/111/445487-0.jpg,15,male
312951-0.jpg,30/111/312951-0.jpg,15,male
444941-0.jpg,30/111/444941-0.jpg,15,male
70380-0.jpg,30/111/70380-0.jpg,15,male
5676-0.jpg,30/111/5676-0.jpg,15,male
445934-0.jpg,30/111/445934-0.jpg,15,male
441870-1.jpg,30/111/441870-1.jpg,15,male
436304-0.jpg,30/111/436304-0.jpg,15,male
435245-0.jpg,30/111/435245-0.jpg,15,male
441333-0.jpg,30/111/441333-0.jpg,15,male
6508-0.jpg,30/111/6508-0.jpg,15,male
443954-0.jpg,30/111/443954-0.jpg,15,male
133076-0.jpg,30/111/133076-0.jpg,15,male
444092-0.jpg,30/111/444092-0.jpg,15,male
128698-0.jpg,30/111/128698-0.jpg,15,male
13-1.jpg,30/111/13-1.jpg,15,male
3930-1.jpg,30/111/3930-1.jpg,15,male
148463-0.jpg,30/111/148463-0.jpg,15,male
440626-0.jpg,30/111/440626-0.jpg,15,male
313043-1.jpg,30/111/313043-1.jpg,15,male
8720-0.jpg,30/111/8720-0.jpg,15,male
4577-1.jpg,30/111/4577-1.jpg,15,male
444672-1.jpg,30/111/444672-1.jpg,15,male
446711-0.jpg,30/111/446711-0.jpg,15,male
129306-0.jpg,30/111/129306-0.jpg,15,male
447636-0.jpg,30/111/447636-0.jpg,15,male
435240-0.jpg,30/111/435240-0.jpg,15,male
443067-0.jpg,30/111/443067-0.jpg,15,male
444008-0.jpg,30/111/444008-0.jpg,15,male
443552-0.jpg,30/111/443552-0.jpg,15,male
447096-0.jpg,30/111/447096-0.jpg,15,male
446415-0.jpg,30/111/446415-0.jpg,15,male
7168-0.jpg,30/111/7168-0.jpg,15,male
69590-0.jpg,30/111/69590-0.jpg,15,male
126411-0.jpg,30/111/126411-0.jpg,15,male
70651-1.jpg,30/111/70651-1.jpg,15,male
133716-0.jpg,30/111/133716-0.jpg,15,male
313496-0.jpg,30/111/313496-0.jpg,15,male
67954-0.jpg,30/111/67954-0.jpg,15,male
128657-2.jpg,30/111/128657-2.jpg,15,male
313441-0.jpg,30/111/313441-0.jpg,15,male
444721-0.jpg,30/111/444721-0.jpg,15,male
132907-0.jpg,30/111/132907-0.jpg,15,male
10264-0.jpg,30/111/10264-0.jpg,15,male
138064-0.jpg,30/111/138064-0.jpg,15,male
129674-0.jpg,30/111/129674-0.jpg,15,male
447119-0.jpg,30/111/447119-0.jpg,15,male
311379-0.jpg,30/111/311379-0.jpg,15,male
146274-0.jpg,30/111/146274-0.jpg,15,male
133692-0.jpg,30/111/133692-0.jpg,15,male
128510-0.jpg,30/111/128510-0.jpg,15,male
132229-1.jpg,30/111/132229-1.jpg,15,male
313590-0.jpg,30/111/313590-0.jpg,15,male
438517-0.jpg,30/111/438517-0.jpg,15,male
7648-0.jpg,30/111/7648-0.jpg,15,male
446811-0.jpg,30/111/446811-0.jpg,15,male
125526-0.jpg,30/111/125526-0.jpg,15,male
312462-0.jpg,30/111/312462-0.jpg,15,male
447675-0.jpg,30/111/447675-0.jpg,15,male
141584-0.jpg,30/111/141584-0.jpg,15,male
126849-0.jpg,30/111/126849-0.jpg,15,male
313538-0.jpg,30/111/313538-0.jpg,15,male
137678-1.jpg,30/111/137678-1.jpg,15,male
5422-0.jpg,30/111/5422-0.jpg,15,male
148606-0.jpg,30/111/148606-0.jpg,15,male
5485-0.jpg,30/111/5485-0.jpg,15,male
131002-1.jpg,30/111/131002-1.jpg,15,male
447211-0.jpg,30/111/447211-0.jpg,15,male
313033-0.jpg,30/111/313033-0.jpg,15,male
70893-0.jpg,30/111/70893-0.jpg,15,male
131787-1.jpg,30/111/131787-1.jpg,15,male
127273-0.jpg,30/111/127273-0.jpg,15,male
310624-0.jpg,30/111/310624-0.jpg,15,male
136784-0.jpg,30/111/136784-0.jpg,15,male
141771-0.jpg,30/111/141771-0.jpg,15,male
70170-0.jpg,30/111/70170-0.jpg,15,male
13001-0.jpg,30/111/13001-0.jpg,15,male
445274-0.jpg,30/111/445274-0.jpg,15,male
71656-0.jpg,30/111/71656-0.jpg,15,male
443434-0.jpg,30/111/443434-0.jpg,15,male
136895-0.jpg,30/111/136895-0.jpg,15,male
310261-0.jpg,30/111/310261-0.jpg,15,male
447368-0.jpg,30/111/447368-0.jpg,15,male
135026-0.jpg,30/111/135026-0.jpg,15,male
445921-0.jpg,30/111/445921-0.jpg,15,male
11757-1.jpg,30/111/11757-1.jpg,15,male
127641-0.jpg,30/111/127641-0.jpg,15,male
10322-0.jpg,30/111/10322-0.jpg,15,male
70831-0.jpg,30/111/70831-0.jpg,15,male
124994-0.jpg,30/111/124994-0.jpg,15,male
10084-0.jpg,30/111/10084-0.jpg,15,male
67797-0.jpg,30/111/67797-0.jpg,15,male
439051-0.jpg,30/111/439051-0.jpg,15,male
444310-0.jpg,30/111/444310-0.jpg,15,male
441049-0.jpg,30/111/441049-0.jpg,15,male
68765-0.jpg,30/111/68765-0.jpg,15,male
312098-0.jpg,30/111/312098-0.jpg,15,male
437133-0.jpg,30/111/437133-0.jpg,15,male
143573-0.jpg,30/111/143573-0.jpg,15,male
157512-0.jpg,30/111/157512-0.jpg,15,male
6634-0.jpg,30/111/6634-0.jpg,15,male
148625-0.jpg,30/111/148625-0.jpg,15,male
169585-0.jpg,30/111/169585-0.jpg,15,male
11437-0.jpg,30/111/11437-0.jpg,15,male
435880-0.jpg,30/111/435880-0.jpg,15,male
12075-0.jpg,30/111/12075-0.jpg,15,male
135794-1.jpg,30/111/135794-1.jpg,15,male
6134-0.jpg,30/111/6134-0.jpg,15,male
77782-0.jpg,30/111/77782-0.jpg,15,male
133611-0.jpg,30/111/133611-0.jpg,15,male
313471-0.jpg,30/111/313471-0.jpg,15,male
129847-0.jpg,30/111/129847-0.jpg,15,male
128928-1.jpg,30/111/128928-1.jpg,15,male
311285-1.jpg,30/111/311285-1.jpg,15,male
145012-0.jpg,30/111/145012-0.jpg,15,male
445738-0.jpg,30/111/445738-0.jpg,15,male
146425-0.jpg,30/111/146425-0.jpg,15,male
138235-1.jpg,30/111/138235-1.jpg,15,male
313553-0.jpg,30/111/313553-0.jpg,15,male
127600-0.jpg,30/111/127600-0.jpg,15,male
312780-0.jpg,30/111/312780-0.jpg,15,male
10396-1.jpg,30/111/10396-1.jpg,15,male
443792-0.jpg,30/111/443792-0.jpg,15,male
440363-0.jpg,30/111/440363-0.jpg,15,male
143207-0.jpg,30/111/143207-0.jpg,15,male
136537-0.jpg,30/111/136537-0.jpg,15,male
130565-0.jpg,30/111/130565-0.jpg,15,male
442719-0.jpg,30/111/442719-0.jpg,15,male
315909-0.jpg,30/111/315909-0.jpg,15,male
125536-1.jpg,30/111/125536-1.jpg,15,male
441567-0.jpg,30/111/441567-0.jpg,15,male
442321-0.jpg,30/111/442321-0.jpg,15,male
128526-0.jpg,30/111/128526-0.jpg,15,male
436744-0.jpg,30/111/436744-0.jpg,15,male
125995-0.jpg,30/111/125995-0.jpg,15,male
132800-0.jpg,30/111/132800-0.jpg,15,male
135174-0.jpg,30/111/135174-0.jpg,15,male
435334-0.jpg,30/111/435334-0.jpg,15,male
436130-0.jpg,30/111/436130-0.jpg,15,male
444365-0.jpg,30/111/444365-0.jpg,15,male
304313-0.jpg,30/111/304313-0.jpg,15,male
167346-0.jpg,30/111/167346-0.jpg,15,male
447355-0.jpg,30/111/447355-0.jpg,15,male
5759-0.jpg,30/111/5759-0.jpg,15,male
314570-0.jpg,30/111/314570-0.jpg,15,male
133020-0.jpg,30/111/133020-0.jpg,15,male
131633-0.jpg,30/111/131633-0.jpg,15,male
126801-0.jpg,30/111/126801-0.jpg,15,male
438061-1.jpg,30/111/438061-1.jpg,15,male
129409-0.jpg,30/111/129409-0.jpg,15,male
444618-0.jpg,30/111/444618-0.jpg,15,male
441842-0.jpg,30/111/441842-0.jpg,15,male
133604-0.jpg,30/111/133604-0.jpg,15,male
442163-1.jpg,30/111/442163-1.jpg,15,male
167078-1.jpg,30/111/167078-1.jpg,15,male
444401-0.jpg,30/111/444401-0.jpg,15,male
440872-0.jpg,30/111/440872-0.jpg,15,male
443538-0.jpg,30/111/443538-0.jpg,15,male
136149-0.jpg,30/111/136149-0.jpg,15,male
136601-0.jpg,30/111/136601-0.jpg,15,male
439133-0.jpg,30/111/439133-0.jpg,15,male
7930-0.jpg,30/111/7930-0.jpg,15,male
73151-0.jpg,30/111/73151-0.jpg,15,male
68503-0.jpg,30/111/68503-0.jpg,15,male
313822-1.jpg,30/111/313822-1.jpg,15,male
443974-0.jpg,30/111/443974-0.jpg,15,male
128546-1.jpg,30/111/128546-1.jpg,15,male
444086-0.jpg,30/111/444086-0.jpg,15,male
5291-0.jpg,30/111/5291-0.jpg,15,male
141428-0.jpg,30/111/141428-0.jpg,15,male
315223-0.jpg,30/111/315223-0.jpg,15,male
446402-0.jpg,30/111/446402-0.jpg,15,male
133547-0.jpg,30/111/133547-0.jpg,15,male
4498-0.jpg,30/111/4498-0.jpg,15,male
313563-0.jpg,30/111/313563-0.jpg,15,male
441126-1.jpg,30/111/441126-1.jpg,15,male
447510-1.jpg,30/111/447510-1.jpg,15,male
134611-0.jpg,30/111/134611-0.jpg,15,male
124941-0.jpg,30/111/124941-0.jpg,15,male
126842-1.jpg,30/111/126842-1.jpg,15,male
128399-0.jpg,30/111/128399-0.jpg,15,male
310842-0.jpg,30/111/310842-0.jpg,15,male
438506-0.jpg,30/111/438506-0.jpg,15,male
6133-0.jpg,30/111/6133-0.jpg,15,male
71028-0.jpg,30/111/71028-0.jpg,15,male
126875-0.jpg,30/111/126875-0.jpg,15,male
310670-0.jpg,30/111/310670-0.jpg,15,male
438727-0.jpg,30/111/438727-0.jpg,15,male
303749-0.jpg,30/111/303749-0.jpg,15,male
149207-0.jpg,30/111/149207-0.jpg,15,male
446685-0.jpg,30/111/446685-0.jpg,15,male
446629-0.jpg,30/111/446629-0.jpg,15,male
442624-0.jpg,30/111/442624-0.jpg,15,male
140439-0.jpg,30/111/140439-0.jpg,15,male
437989-0.jpg,30/111/437989-0.jpg,15,male
447411-0.jpg,30/111/447411-0.jpg,15,male
132692-0.jpg,30/111/132692-0.jpg,15,male
12551-0.jpg,30/111/12551-0.jpg,15,male
443819-0.jpg,30/111/443819-0.jpg,15,male
133463-0.jpg,30/111/133463-0.jpg,15,male
126877-0.jpg,30/111/126877-0.jpg,15,male
443548-0.jpg,30/111/443548-0.jpg,15,male
445433-0.jpg,30/111/445433-0.jpg,15,male
158371-0.jpg,30/111/158371-0.jpg,15,male
445638-0.jpg,30/111/445638-0.jpg,15,male
129386-0.jpg,30/111/129386-0.jpg,15,male
9865-0.jpg,30/111/9865-0.jpg,15,male
445950-0.jpg,30/111/445950-0.jpg,15,male
127897-0.jpg,30/111/127897-0.jpg,15,male
135473-0.jpg,30/111/135473-0.jpg,15,male
131648-0.jpg,30/111/131648-0.jpg,15,male
439074-0.jpg,30/111/439074-0.jpg,15,male
138982-0.jpg,30/111/138982-0.jpg,15,male
4947-0.jpg,30/111/4947-0.jpg,15,male
128208-0.jpg,30/111/128208-0.jpg,15,male
445216-0.jpg,30/111/445216-0.jpg,15,male
436718-2.jpg,30/111/436718-2.jpg,15,male
140748-0.jpg,30/111/140748-0.jpg,15,male
445078-0.jpg,30/111/445078-0.jpg,15,male
136088-0.jpg,30/111/136088-0.jpg,15,male
130694-0.jpg,30/111/130694-0.jpg,15,male
311366-0.jpg,30/111/311366-0.jpg,15,male
440859-0.jpg,30/111/440859-0.jpg,15,male
71257-0.jpg,30/111/71257-0.jpg,15,male
136153-1.jpg,30/111/136153-1.jpg,15,male
437435-1.jpg,30/111/437435-1.jpg,15,male
129935-0.jpg,30/111/129935-0.jpg,15,male
303579-0.jpg,30/111/303579-0.jpg,15,male
444082-0.jpg,30/111/444082-0.jpg,15,male
445506-0.jpg,30/111/445506-0.jpg,15,male
124911-2.jpg,30/111/124911-2.jpg,15,male
6739-0.jpg,30/111/6739-0.jpg,15,male
5324-0.jpg,30/111/5324-0.jpg,15,male
439934-0.jpg,30/111/439934-0.jpg,15,male
314852-0.jpg,30/111/314852-0.jpg,15,male
74069-0.jpg,30/111/74069-0.jpg,15,male
131990-0.jpg,30/111/131990-0.jpg,15,male
17880-0.jpg,30/111/17880-0.jpg,15,male
73517-0.jpg,30/111/73517-0.jpg,15,male
312151-1.jpg,30/111/312151-1.jpg,15,male
17303-0.jpg,30/111/17303-0.jpg,15,male
441395-0.jpg,30/111/441395-0.jpg,15,male
170489-0.jpg,30/111/170489-0.jpg,15,male
318834-0.jpg,30/111/318834-0.jpg,15,male
310191-0.jpg,30/111/310191-0.jpg,15,male
133343-1.jpg,30/111/133343-1.jpg,15,male
314349-0.jpg,30/111/314349-0.jpg,15,male
436446-0.jpg,30/111/436446-0.jpg,15,male
130820-0.jpg,30/111/130820-0.jpg,15,male
313478-1.jpg,30/111/313478-1.jpg,15,male
8032-0.jpg,30/111/8032-0.jpg,15,male
446023-0.jpg,30/111/446023-0.jpg,15,male
67558-0.jpg,30/111/67558-0.jpg,15,male
132509-0.jpg,30/111/132509-0.jpg,15,male
138426-0.jpg,30/111/138426-0.jpg,15,male
126889-0.jpg,30/111/126889-0.jpg,15,male
436338-0.jpg,30/111/436338-0.jpg,15,male
436441-0.jpg,30/111/436441-0.jpg,15,male
310443-0.jpg,30/111/310443-0.jpg,15,male
444680-0.jpg,30/111/444680-0.jpg,15,male
129568-1.jpg,30/111/129568-1.jpg,15,male
310781-0.jpg,30/111/310781-0.jpg,15,male
153764-0.jpg,30/111/153764-0.jpg,15,male
441903-0.jpg,30/111/441903-0.jpg,15,male
74982-0.jpg,30/111/74982-0.jpg,15,male
149096-0.jpg,30/111/149096-0.jpg,15,male
445456-0.jpg,30/111/445456-0.jpg,15,male
136293-0.jpg,30/111/136293-0.jpg,15,male
137311-0.jpg,30/111/137311-0.jpg,15,male
445236-0.jpg,30/111/445236-0.jpg,15,male
135756-0.jpg,30/111/135756-0.jpg,15,male
437147-0.jpg,30/111/437147-0.jpg,15,male
137416-0.jpg,30/111/137416-0.jpg,15,male
436938-0.jpg,30/111/436938-0.jpg,15,male
442547-0.jpg,30/111/442547-0.jpg,15,male
138279-0.jpg,30/111/138279-0.jpg,15,male
446825-0.jpg,30/111/446825-0.jpg,15,male
135225-0.jpg,30/111/135225-0.jpg,15,male
126820-0.jpg,30/111/126820-0.jpg,15,male
446744-2.jpg,30/111/446744-2.jpg,15,male
443569-0.jpg,30/111/443569-0.jpg,15,male
11193-0.jpg,30/111/11193-0.jpg,15,male
442364-0.jpg,30/111/442364-0.jpg,15,male
435734-0.jpg,30/111/435734-0.jpg,15,male
443472-0.jpg,30/111/443472-0.jpg,15,male
11161-0.jpg,30/111/11161-0.jpg,15,male
318850-0.jpg,30/111/318850-0.jpg,15,male
440377-0.jpg,30/111/440377-0.jpg,15,male
131437-0.jpg,30/111/131437-0.jpg,15,male
445261-0.jpg,30/111/445261-0.jpg,15,male
446728-0.jpg,30/111/446728-0.jpg,15,male
440894-0.jpg,30/111/440894-0.jpg,15,male
148730-0.jpg,30/111/148730-0.jpg,15,male
130146-0.jpg,30/111/130146-0.jpg,15,male
137608-0.jpg,30/111/137608-0.jpg,15,male
138326-0.jpg,30/111/138326-0.jpg,15,male
443661-0.jpg,30/111/443661-0.jpg,15,male
442419-6.jpg,30/111/442419-6.jpg,15,male
310567-0.jpg,30/111/310567-0.jpg,15,male
10914-0.jpg,30/111/10914-0.jpg,15,male
446736-0.jpg,30/111/446736-0.jpg,15,male
319392-0.jpg,30/111/319392-0.jpg,15,male
312796-0.jpg,30/111/312796-0.jpg,15,male
144078-0.jpg,30/111/144078-0.jpg,15,male
446236-0.jpg,30/111/446236-0.jpg,15,male
131164-0.jpg,30/111/131164-0.jpg,15,male
132161-0.jpg,30/111/132161-0.jpg,15,male
447580-0.jpg,30/111/447580-0.jpg,15,male
132215-0.jpg,30/111/132215-0.jpg,15,male
131167-0.jpg,30/111/131167-0.jpg,15,male
444400-0.jpg,30/111/444400-0.jpg,15,male
436485-0.jpg,30/111/436485-0.jpg,15,male
137854-2.jpg,30/111/137854-2.jpg,15,male
440464-0.jpg,30/111/440464-0.jpg,15,male
129843-0.jpg,30/111/129843-0.jpg,15,male
10923-0.jpg,30/111/10923-0.jpg,15,male
67945-0.jpg,30/111/67945-0.jpg,15,male
446436-2.jpg,30/111/446436-2.jpg,15,male
308199-0.jpg,30/111/308199-0.jpg,15,male
73782-0.jpg,30/111/73782-0.jpg,15,male
443167-0.jpg,30/111/443167-0.jpg,15,male
132041-0.jpg,30/111/132041-0.jpg,15,male
443151-0.jpg,30/111/443151-0.jpg,15,male
135910-0.jpg,30/111/135910-0.jpg,15,male
446692-0.jpg,30/111/446692-0.jpg,15,male
143281-0.jpg,30/111/143281-0.jpg,15,male
310069-0.jpg,30/111/310069-0.jpg,15,male
436295-0.jpg,30/111/436295-0.jpg,15,male
443789-0.jpg,30/111/443789-0.jpg,15,male
137053-0.jpg,30/111/137053-0.jpg,15,male
310773-0.jpg,30/111/310773-0.jpg,15,male
445491-1.jpg,30/111/445491-1.jpg,15,male
137726-0.jpg,30/111/137726-0.jpg,15,male
4595-0.jpg,30/111/4595-0.jpg,15,male
75366-0.jpg,30/111/75366-0.jpg,15,male
6647-0.jpg,30/111/6647-0.jpg,15,male
129404-0.jpg,30/111/129404-0.jpg,15,male
3846-0.jpg,30/111/3846-0.jpg,15,male
128474-0.jpg,30/111/128474-0.jpg,15,male
442871-1.jpg,30/111/442871-1.jpg,15,male
309971-0.jpg,30/111/309971-0.jpg,15,male
442432-0.jpg,30/111/442432-0.jpg,15,male
310817-0.jpg,30/111/310817-0.jpg,15,male
320460-0.jpg,30/111/320460-0.jpg,15,male
135909-0.jpg,30/111/135909-0.jpg,15,male
148134-0.jpg,30/111/148134-0.jpg,15,male
4006-0.jpg,30/111/4006-0.jpg,15,male
75885-0.jpg,30/111/75885-0.jpg,15,male
436311-1.jpg,30/111/436311-1.jpg,15,male
315502-0.jpg,30/111/315502-0.jpg,15,male
314442-0.jpg,30/111/314442-0.jpg,15,male
4811-0.jpg,30/111/4811-0.jpg,15,male
68407-0.jpg,30/111/68407-0.jpg,15,male
446127-0.jpg,30/111/446127-0.jpg,15,male
444706-0.jpg,30/111/444706-0.jpg,15,male
445823-0.jpg,30/111/445823-0.jpg,15,male
6418-0.jpg,30/111/6418-0.jpg,15,male
70783-2.jpg,30/111/70783-2.jpg,15,male
140002-0.jpg,30/111/140002-0.jpg,15,male
125166-2.jpg,30/111/125166-2.jpg,15,male
136714-0.jpg,30/111/136714-0.jpg,15,male
443532-0.jpg,30/111/443532-0.jpg,15,male
68143-0.jpg,30/111/68143-0.jpg,15,male
447530-0.jpg,30/111/447530-0.jpg,15,male
444956-0.jpg,30/111/444956-0.jpg,15,male
442446-0.jpg,30/111/442446-0.jpg,15,male
134361-0.jpg,30/111/134361-0.jpg,15,male
134855-0.jpg,30/111/134855-0.jpg,15,male
4873-0.jpg,30/111/4873-0.jpg,15,male
71299-1.jpg,30/111/71299-1.jpg,15,male
435199-0.jpg,30/111/435199-0.jpg,15,male
136085-0.jpg,30/111/136085-0.jpg,15,male
134680-1.jpg,30/111/134680-1.jpg,15,male
129240-0.jpg,30/111/129240-0.jpg,15,male
67426-1.jpg,30/111/67426-1.jpg,15,male
6444-0.jpg,30/111/6444-0.jpg,15,male
441528-1.jpg,30/111/441528-1.jpg,15,male
150590-0.jpg,30/111/150590-0.jpg,15,male
442291-0.jpg,30/111/442291-0.jpg,15,male
316173-0.jpg,30/111/316173-0.jpg,15,male
9545-0.jpg,30/111/9545-0.jpg,15,male
312027-0.jpg,30/111/312027-0.jpg,15,male
3842-0.jpg,30/111/3842-0.jpg,15,male
135158-0.jpg,30/111/135158-0.jpg,15,male
142531-0.jpg,30/111/142531-0.jpg,15,male
311250-0.jpg,30/111/311250-0.jpg,15,male
444101-1.jpg,30/111/444101-1.jpg,15,male
127498-0.jpg,30/111/127498-0.jpg,15,male
313501-0.jpg,30/111/313501-0.jpg,15,male
441445-0.jpg,30/111/441445-0.jpg,15,male
438256-0.jpg,30/111/438256-0.jpg,15,male
443990-0.jpg,30/111/443990-0.jpg,15,male
317743-1.jpg,30/111/317743-1.jpg,15,male
438781-0.jpg,30/111/438781-0.jpg,15,male
69418-1.jpg,30/111/69418-1.jpg,15,male
138071-0.jpg,30/111/138071-0.jpg,15,male
313570-0.jpg,30/111/313570-0.jpg,15,male
126458-0.jpg,30/111/126458-0.jpg,15,male
128287-1.jpg,30/111/128287-1.jpg,15,male
5517-3.jpg,30/111/5517-3.jpg,15,male
313196-0.jpg,30/111/313196-0.jpg,15,male
136486-0.jpg,30/111/136486-0.jpg,15,male
137744-0.jpg,30/111/137744-0.jpg,15,male
147095-0.jpg,30/111/147095-0.jpg,15,male
447202-0.jpg,30/111/447202-0.jpg,15,male
6295-0.jpg,30/111/6295-0.jpg,15,male
445780-0.jpg,30/111/445780-0.jpg,15,male
140672-2.jpg,30/111/140672-2.jpg,15,male
137938-0.jpg,30/111/137938-0.jpg,15,male
125516-0.jpg,30/111/125516-0.jpg,15,male
141269-0.jpg,30/111/141269-0.jpg,15,male
446436-0.jpg,30/111/446436-0.jpg,15,male
127737-0.jpg,30/111/127737-0.jpg,15,male
447724-0.jpg,30/111/447724-0.jpg,15,male
68571-0.jpg,30/111/68571-0.jpg,15,male
17763-0.jpg,30/111/17763-0.jpg,15,male
127971-0.jpg,30/111/127971-0.jpg,15,male
5604-0.jpg,30/111/5604-0.jpg,15,male
315523-0.jpg,30/111/315523-0.jpg,15,male
307756-0.jpg,30/111/307756-0.jpg,15,male
124918-0.jpg,30/111/124918-0.jpg,15,male
9838-0.jpg,30/111/9838-0.jpg,15,male
438310-3.jpg,30/111/438310-3.jpg,15,male
125546-0.jpg,30/111/125546-0.jpg,15,male
128036-1.jpg,30/111/128036-1.jpg,15,male
444161-0.jpg,30/111/444161-0.jpg,15,male
128472-0.jpg,30/111/128472-0.jpg,15,male
68204-0.jpg,30/111/68204-0.jpg,15,male
67425-0.jpg,30/111/67425-0.jpg,15,male
446703-0.jpg,30/111/446703-0.jpg,15,male
303820-0.jpg,30/111/303820-0.jpg,15,male
443848-0.jpg,30/111/443848-0.jpg,15,male
128395-0.jpg,30/111/128395-0.jpg,15,male
3851-0.jpg,30/111/3851-0.jpg,15,male
439417-0.jpg,30/111/439417-0.jpg,15,male
69972-0.jpg,30/111/69972-0.jpg,15,male
442913-0.jpg,30/111/442913-0.jpg,15,male
5033-0.jpg,30/111/5033-0.jpg,15,male
134233-1.jpg,30/111/134233-1.jpg,15,male
437351-0.jpg,30/111/437351-0.jpg,15,male
130984-0.jpg,30/111/130984-0.jpg,15,male
440239-0.jpg,30/111/440239-0.jpg,15,male
6401-0.jpg,30/111/6401-0.jpg,15,male
130443-0.jpg,30/111/130443-0.jpg,15,male
443647-0.jpg,30/111/443647-0.jpg,15,male
441260-0.jpg,30/111/441260-0.jpg,15,male
134893-0.jpg,30/111/134893-0.jpg,15,male
444776-1.jpg,30/111/444776-1.jpg,15,male
444162-0.jpg,30/111/444162-0.jpg,15,male
319607-0.jpg,30/111/319607-0.jpg,15,male
141050-0.jpg,30/111/141050-0.jpg,15,male
446797-0.jpg,30/111/446797-0.jpg,15,male
136602-0.jpg,30/111/136602-0.jpg,15,male
127947-0.jpg,30/111/127947-0.jpg,15,male
436303-0.jpg,30/111/436303-0.jpg,15,male
309578-0.jpg,30/111/309578-0.jpg,15,male
436422-0.jpg,30/111/436422-0.jpg,15,male
71258-0.jpg,30/111/71258-0.jpg,15,male
8799-0.jpg,30/111/8799-0.jpg,15,male
6532-0.jpg,30/111/6532-0.jpg,15,male
441521-0.jpg,30/111/441521-0.jpg,15,male
444590-1.jpg,30/111/444590-1.jpg,15,male
446198-2.jpg,30/111/446198-2.jpg,15,male
446376-0.jpg,30/111/446376-0.jpg,15,male
7551-1.jpg,30/111/7551-1.jpg,15,male
131990-2.jpg,30/111/131990-2.jpg,15,male
10800-1.jpg,30/111/10800-1.jpg,15,male
312314-0.jpg,30/111/312314-0.jpg,15,male
436718-7.jpg,30/111/436718-7.jpg,15,male
4172-1.jpg,30/111/4172-1.jpg,15,male
311841-0.jpg,30/111/311841-0.jpg,15,male
311035-0.jpg,30/111/311035-0.jpg,15,male
323903-0.jpg,30/111/323903-0.jpg,15,male
132226-0.jpg,30/111/132226-0.jpg,15,male
6977-0.jpg,30/111/6977-0.jpg,15,male
4392-0.jpg,30/111/4392-0.jpg,15,male
439386-0.jpg,30/111/439386-0.jpg,15,male
311000-0.jpg,30/111/311000-0.jpg,15,male
4788-0.jpg,30/111/4788-0.jpg,15,male
303526-0.jpg,30/111/303526-0.jpg,15,male
444757-0.jpg,30/111/444757-0.jpg,15,male
128056-0.jpg,30/111/128056-0.jpg,15,male
314301-0.jpg,30/111/314301-0.jpg,15,male
446189-0.jpg,30/111/446189-0.jpg,15,male
148926-2.jpg,30/111/148926-2.jpg,15,male
446024-1.jpg,30/111/446024-1.jpg,15,male
69669-0.jpg,30/111/69669-0.jpg,15,male
441042-0.jpg,30/111/441042-0.jpg,15,male
5738-0.jpg,30/111/5738-0.jpg,15,male
440147-0.jpg,30/111/440147-0.jpg,15,male
443291-1.jpg,30/111/443291-1.jpg,15,male
8202-5.jpg,30/111/8202-5.jpg,15,male
447317-0.jpg,30/111/447317-0.jpg,15,male
438992-0.jpg,30/111/438992-0.jpg,15,male
441214-0.jpg,30/111/441214-0.jpg,15,male
4890-0.jpg,30/111/4890-0.jpg,15,male
131689-0.jpg,30/111/131689-0.jpg,15,male
303450-0.jpg,30/111/303450-0.jpg,15,male
133591-0.jpg,30/111/133591-0.jpg,15,male
136666-0.jpg,30/111/136666-0.jpg,15,male
311092-0.jpg,30/111/311092-0.jpg,15,male
309148-0.jpg,30/111/309148-0.jpg,15,male
69741-0.jpg,30/111/69741-0.jpg,15,male
8022-0.jpg,30/111/8022-0.jpg,15,male
312247-0.jpg,30/111/312247-0.jpg,15,male
310118-0.jpg,30/111/310118-0.jpg,15,male
137883-0.jpg,30/111/137883-0.jpg,15,male
69869-0.jpg,30/111/69869-0.jpg,15,male
437985-0.jpg,30/111/437985-0.jpg,15,male
135666-0.jpg,30/111/135666-0.jpg,15,male
135911-0.jpg,30/111/135911-0.jpg,15,male
441365-0.jpg,30/111/441365-0.jpg,15,male
442183-0.jpg,30/111/442183-0.jpg,15,male
444942-0.jpg,30/111/444942-0.jpg,15,male
444798-0.jpg,30/111/444798-0.jpg,15,male
143175-0.jpg,30/111/143175-0.jpg,15,male
2220-0.jpg,35/112/2220-0.jpg,20,female
418726-0.jpg,35/112/418726-0.jpg,20,female
416783-0.jpg,35/112/416783-0.jpg,20,female
2492-0.jpg,35/112/2492-0.jpg,20,female
424752-0.jpg,35/112/424752-0.jpg,20,female
428081-0.jpg,35/112/428081-0.jpg,20,female
485305-0.jpg,35/112/485305-0.jpg,20,female
442074-0.jpg,35/112/442074-0.jpg,20,female
418081-0.jpg,35/112/418081-0.jpg,20,female
484244-0.jpg,35/112/484244-0.jpg,20,female
486781-0.jpg,35/112/486781-0.jpg,20,female
479116-0.jpg,35/112/479116-0.jpg,20,female
66707-0.jpg,35/112/66707-0.jpg,20,female
415020-0.jpg,35/112/415020-0.jpg,20,female
434493-0.jpg,35/112/434493-0.jpg,20,female
119695-2.jpg,35/112/119695-2.jpg,20,female
486338-0.jpg,35/112/486338-0.jpg,20,female
425407-0.jpg,35/112/425407-0.jpg,20,female
484987-1.jpg,35/112/484987-1.jpg,20,female
477535-0.jpg,35/112/477535-0.jpg,20,female
67085-4.jpg,35/112/67085-4.jpg,20,female
477980-0.jpg,35/112/477980-0.jpg,20,female
415123-0.jpg,35/112/415123-0.jpg,20,female
421143-0.jpg,35/112/421143-0.jpg,20,female
307924-0.jpg,35/112/307924-0.jpg,20,female
433597-0.jpg,35/112/433597-0.jpg,20,female
416034-0.jpg,35/112/416034-0.jpg,20,female
417432-0.jpg,35/112/417432-0.jpg,20,female
418778-0.jpg,35/112/418778-0.jpg,20,female
420422-3.jpg,35/112/420422-3.jpg,20,female
66719-1.jpg,35/112/66719-1.jpg,20,female
415741-0.jpg,35/112/415741-0.jpg,20,female
417128-0.jpg,35/112/417128-0.jpg,20,female
477950-0.jpg,35/112/477950-0.jpg,20,female
415885-0.jpg,35/112/415885-0.jpg,20,female
427360-0.jpg,35/112/427360-0.jpg,20,female
67337-0.jpg,35/112/67337-0.jpg,20,female
484813-0.jpg,35/112/484813-0.jpg,20,female
306372-0.jpg,35/112/306372-0.jpg,20,female
486757-0.jpg,35/112/486757-0.jpg,20,female
415342-0.jpg,35/112/415342-0.jpg,20,female
308869-0.jpg,35/112/308869-0.jpg,20,female
306869-1.jpg,35/112/306869-1.jpg,20,female
477640-0.jpg,35/112/477640-0.jpg,20,female
420422-2.jpg,35/112/420422-2.jpg,20,female
424818-0.jpg,35/112/424818-0.jpg,20,female
3093-0.jpg,35/112/3093-0.jpg,20,female
118695-0.jpg,35/112/118695-0.jpg,20,female
125763-0.jpg,35/112/125763-0.jpg,20,female
120986-0.jpg,35/112/120986-0.jpg,20,female
66763-2.jpg,35/112/66763-2.jpg,20,female
486071-1.jpg,35/112/486071-1.jpg,20,female
415588-1.jpg,35/112/415588-1.jpg,20,female
124201-3.jpg,35/112/124201-3.jpg,20,female
121754-1.jpg,35/112/121754-1.jpg,20,female
479031-0.jpg,35/112/479031-0.jpg,20,female
1135-0.jpg,35/112/1135-0.jpg,20,female
306863-0.jpg,35/112/306863-0.jpg,20,female
426984-0.jpg,35/112/426984-0.jpg,20,female
481381-0.jpg,35/112/481381-0.jpg,20,female
417464-0.jpg,35/112/417464-0.jpg,20,female
416779-1.jpg,35/112/416779-1.jpg,20,female
478353-1.jpg,35/112/478353-1.jpg,20,female
1861-0.jpg,35/112/1861-0.jpg,20,female
446578-0.jpg,35/112/446578-0.jpg,20,female
421011-0.jpg,35/112/421011-0.jpg,20,female
422514-0.jpg,35/112/422514-0.jpg,20,female
120140-1.jpg,35/112/120140-1.jpg,20,female
1657-7.jpg,35/112/1657-7.jpg,20,female
67085-8.jpg,35/112/67085-8.jpg,20,female
1657-13.jpg,35/112/1657-13.jpg,20,female
478701-0.jpg,35/112/478701-0.jpg,20,female
415576-0.jpg,35/112/415576-0.jpg,20,female
423453-0.jpg,35/112/423453-0.jpg,20,female
120720-0.jpg,35/112/120720-0.jpg,20,female
423370-0.jpg,35/112/423370-0.jpg,20,female
3414-0.jpg,35/112/3414-0.jpg,20,female
309848-0.jpg,35/112/309848-0.jpg,20,female
420872-0.jpg,35/112/420872-0.jpg,20,female
418860-0.jpg,35/112/418860-0.jpg,20,female
422117-0.jpg,35/112/422117-0.jpg,20,female
423374-0.jpg,35/112/423374-0.jpg,20,female
434275-0.jpg,35/112/434275-0.jpg,20,female
481863-2.jpg,35/112/481863-2.jpg,20,female
483096-0.jpg,35/112/483096-0.jpg,20,female
479287-0.jpg,35/112/479287-0.jpg,20,female
2025-0.jpg,35/112/2025-0.jpg,20,female
419943-0.jpg,35/112/419943-0.jpg,20,female
309066-1.jpg,35/112/309066-1.jpg,20,female
306876-7.jpg,35/112/306876-7.jpg,20,female
446496-0.jpg,35/112/446496-0.jpg,20,female
416282-0.jpg,35/112/416282-0.jpg,20,female
485052-0.jpg,35/112/485052-0.jpg,20,female
446456-0.jpg,35/112/446456-0.jpg,20,female
479623-0.jpg,35/112/479623-0.jpg,20,female
482079-0.jpg,35/112/482079-0.jpg,20,female
479419-4.jpg,35/112/479419-4.jpg,20,female
433577-0.jpg,35/112/433577-0.jpg,20,female
422506-1.jpg,35/112/422506-1.jpg,20,female
121700-0.jpg,35/112/121700-0.jpg,20,female
2029-1.jpg,35/112/2029-1.jpg,20,female
436401-0.jpg,35/112/436401-0.jpg,20,female
423457-0.jpg,35/112/423457-0.jpg,20,female
434290-0.jpg,35/112/434290-0.jpg,20,female
415893-0.jpg,35/112/415893-0.jpg,20,female
416752-0.jpg,35/112/416752-0.jpg,20,female
120530-0.jpg,35/112/120530-0.jpg,20,female
431340-0.jpg,35/112/431340-0.jpg,20,female
307705-0.jpg,35/112/307705-0.jpg,20,female
479614-0.jpg,35/112/479614-0.jpg,20,female
478791-1.jpg,35/112/478791-1.jpg,20,female
481880-3.jpg,35/112/481880-3.jpg,20,female
122977-0.jpg,35/112/122977-0.jpg,20,female
66716-0.jpg,35/112/66716-0.jpg,20,female
122963-0.jpg,35/112/122963-0.jpg,20,female
1999-1.jpg,35/112/1999-1.jpg,20,female
414349-0.jpg,35/112/414349-0.jpg,20,female
414867-1.jpg,35/112/414867-1.jpg,20,female
2491-1.jpg,35/112/2491-1.jpg,20,female
429284-0.jpg,35/112/429284-0.jpg,20,female
414894-0.jpg,35/112/414894-0.jpg,20,female
420743-0.jpg,35/112/420743-0.jpg,20,female
414319-0.jpg,35/112/414319-0.jpg,20,female
425930-0.jpg,35/112/425930-0.jpg,20,female
68891-0.jpg,35/112/68891-0.jpg,20,female
435408-0.jpg,35/112/435408-0.jpg,20,female
479017-0.jpg,35/112/479017-0.jpg,20,female
422739-0.jpg,35/112/422739-0.jpg,20,female
65843-0.jpg,35/112/65843-0.jpg,20,female
427967-0.jpg,35/112/427967-0.jpg,20,female
479410-0.jpg,35/112/479410-0.jpg,20,female
486324-0.jpg,35/112/486324-0.jpg,20,female
120643-0.jpg,35/112/120643-0.jpg,20,female
423377-2.jpg,35/112/423377-2.jpg,20,female
306139-0.jpg,35/112/306139-0.jpg,20,female
478959-1.jpg,35/112/478959-1.jpg,20,female
121972-0.jpg,35/112/121972-0.jpg,20,female
422241-0.jpg,35/112/422241-0.jpg,20,female
421618-0.jpg,35/112/421618-0.jpg,20,female
122411-0.jpg,35/112/122411-0.jpg,20,female
416419-0.jpg,35/112/416419-0.jpg,20,female
486561-0.jpg,35/112/486561-0.jpg,20,female
417857-0.jpg,35/112/417857-0.jpg,20,female
485546-0.jpg,35/112/485546-0.jpg,20,female
478362-0.jpg,35/112/478362-0.jpg,20,female
423119-0.jpg,35/112/423119-0.jpg,20,female
428770-0.jpg,35/112/428770-0.jpg,20,female
420738-0.jpg,35/112/420738-0.jpg,20,female
478849-0.jpg,35/112/478849-0.jpg,20,female
68947-0.jpg,35/112/68947-0.jpg,20,female
478069-0.jpg,35/112/478069-0.jpg,20,female
416121-0.jpg,35/112/416121-0.jpg,20,female
118708-1.jpg,35/112/118708-1.jpg,20,female
418321-0.jpg,35/112/418321-0.jpg,20,female
3909-0.jpg,35/112/3909-0.jpg,20,female
477984-0.jpg,35/112/477984-0.jpg,20,female
1657-12.jpg,35/112/1657-12.jpg,20,female
416910-0.jpg,35/112/416910-0.jpg,20,female
434476-0.jpg,35/112/434476-0.jpg,20,female
479859-0.jpg,35/112/479859-0.jpg,20,female
415138-1.jpg,35/112/415138-1.jpg,20,female
3361-0.jpg,35/112/3361-0.jpg,20,female
483035-1.jpg,35/112/483035-1.jpg,20,female
418120-0.jpg,35/112/418120-0.jpg,20,female
478048-0.jpg,35/112/478048-0.jpg,20,female
432788-0.jpg,35/112/432788-0.jpg,20,female
122664-0.jpg,35/112/122664-0.jpg,20,female
417575-0.jpg,35/112/417575-0.jpg,20,female
418839-0.jpg,35/112/418839-0.jpg,20,female
306577-0.jpg,35/112/306577-0.jpg,20,female
420960-0.jpg,35/112/420960-0.jpg,20,female
66704-0.jpg,35/112/66704-0.jpg,20,female
417528-2.jpg,35/112/417528-2.jpg,20,female
419509-0.jpg,35/112/419509-0.jpg,20,female
422122-0.jpg,35/112/422122-0.jpg,20,female
479397-0.jpg,35/112/479397-0.jpg,20,female
67366-0.jpg,35/112/67366-0.jpg,20,female
427963-0.jpg,35/112/427963-0.jpg,20,female
416562-0.jpg,35/112/416562-0.jpg,20,female
415017-0.jpg,35/112/415017-0.jpg,20,female
67188-1.jpg,35/112/67188-1.jpg,20,female
418527-3.jpg,35/112/418527-3.jpg,20,female
308077-0.jpg,35/112/308077-0.jpg,20,female
414969-0.jpg,35/112/414969-0.jpg,20,female
487889-1.jpg,35/112/487889-1.jpg,20,female
67085-10.jpg,35/112/67085-10.jpg,20,female
416824-0.jpg,35/112/416824-0.jpg,20,female
425515-0.jpg,35/112/425515-0.jpg,20,female
67085-5.jpg,35/112/67085-5.jpg,20,female
418853-0.jpg,35/112/418853-0.jpg,20,female
308046-0.jpg,35/112/308046-0.jpg,20,female
442070-0.jpg,35/112/442070-0.jpg,20,female
420941-2.jpg,35/112/420941-2.jpg,20,female
417702-0.jpg,35/112/417702-0.jpg,20,female
416737-0.jpg,35/112/416737-0.jpg,20,female
484944-0.jpg,35/112/484944-0.jpg,20,female
438419-0.jpg,35/112/438419-0.jpg,20,female
428004-0.jpg,35/112/428004-0.jpg,20,female
418427-0.jpg,35/112/418427-0.jpg,20,female
2483-0.jpg,35/112/2483-0.jpg,20,female
417612-0.jpg,35/112/417612-0.jpg,20,female
422719-1.jpg,35/112/422719-1.jpg,20,female
418562-0.jpg,35/112/418562-0.jpg,20,female
418484-0.jpg,35/112/418484-0.jpg,20,female
478854-2.jpg,35/112/478854-2.jpg,20,female
122701-0.jpg,35/112/122701-0.jpg,20,female
484248-0.jpg,35/112/484248-0.jpg,20,female
425113-0.jpg,35/112/425113-0.jpg,20,female
416282-2.jpg,35/112/416282-2.jpg,20,female
122612-0.jpg,35/112/122612-0.jpg,20,female
416007-0.jpg,35/112/416007-0.jpg,20,female
415983-0.jpg,35/112/415983-0.jpg,20,female
418440-2.jpg,35/112/418440-2.jpg,20,female
478068-0.jpg,35/112/478068-0.jpg,20,female
426161-0.jpg,35/112/426161-0.jpg,20,female
419321-0.jpg,35/112/419321-0.jpg,20,female
482126-0.jpg,35/112/482126-0.jpg,20,female
480053-0.jpg,35/112/480053-0.jpg,20,female
427371-0.jpg,35/112/427371-0.jpg,20,female
418891-0.jpg,35/112/418891-0.jpg,20,female
484053-0.jpg,35/112/484053-0.jpg,20,female
417697-0.jpg,35/112/417697-0.jpg,20,female
125803-1.jpg,35/112/125803-1.jpg,20,female
126851-0.jpg,35/112/126851-0.jpg,20,female
420002-0.jpg,35/112/420002-0.jpg,20,female
478637-0.jpg,35/112/478637-0.jpg,20,female
119868-0.jpg,35/112/119868-0.jpg,20,female
477991-0.jpg,35/112/477991-0.jpg,20,female
119784-0.jpg,35/112/119784-0.jpg,20,female
424628-1.jpg,35/112/424628-1.jpg,20,female
483036-0.jpg,35/112/483036-0.jpg,20,female
423577-0.jpg,35/112/423577-0.jpg,20,female
424926-0.jpg,35/112/424926-0.jpg,20,female
417509-0.jpg,35/112/417509-0.jpg,20,female
481880-2.jpg,35/112/481880-2.jpg,20,female
415630-1.jpg,35/112/415630-1.jpg,20,female
417929-3.jpg,35/112/417929-3.jpg,20,female
417778-0.jpg,35/112/417778-0.jpg,20,female
415159-0.jpg,35/112/415159-0.jpg,20,female
118773-0.jpg,35/112/118773-0.jpg,20,female
425053-0.jpg,35/112/425053-0.jpg,20,female
478821-0.jpg,35/112/478821-0.jpg,20,female
308713-0.jpg,35/112/308713-0.jpg,20,female
417863-0.jpg,35/112/417863-0.jpg,20,female
122937-3.jpg,35/112/122937-3.jpg,20,female
421654-0.jpg,35/112/421654-0.jpg,20,female
484931-0.jpg,35/112/484931-0.jpg,20,female
479419-5.jpg,35/112/479419-5.jpg,20,female
3107-0.jpg,35/112/3107-0.jpg,20,female
478930-0.jpg,35/112/478930-0.jpg,20,female
1318-0.jpg,35/112/1318-0.jpg,20,female
477819-1.jpg,35/112/477819-1.jpg,20,female
307185-0.jpg,35/112/307185-0.jpg,20,female
478358-0.jpg,35/112/478358-0.jpg,20,female
125762-3.jpg,35/112/125762-3.jpg,20,female
434299-0.jpg,35/112/434299-0.jpg,20,female
424448-0.jpg,35/112/424448-0.jpg,20,female
122183-2.jpg,35/112/122183-2.jpg,20,female
486162-0.jpg,35/112/486162-0.jpg,20,female
123700-2.jpg,35/112/123700-2.jpg,20,female
415023-0.jpg,35/112/415023-0.jpg,20,female
416019-0.jpg,35/112/416019-0.jpg,20,female
136018-0.jpg,35/112/136018-0.jpg,20,female
419514-20.jpg,35/112/419514-20.jpg,20,female
120644-0.jpg,35/112/120644-0.jpg,20,female
479764-1.jpg,35/112/479764-1.jpg,20,female
2509-0.jpg,35/111/2509-0.jpg,20,male
484390-0.jpg,35/111/484390-0.jpg,20,male
4163-0.jpg,35/111/4163-0.jpg,20,male
5411-0.jpg,35/111/5411-0.jpg,20,male
429967-0.jpg,35/111/429967-0.jpg,20,male
479566-0.jpg,35/111/479566-0.jpg,20,male
131712-0.jpg,35/111/131712-0.jpg,20,male
415245-0.jpg,35/111/415245-0.jpg,20,male
479175-1.jpg,35/111/479175-1.jpg,20,male
426038-0.jpg,35/111/426038-0.jpg,20,male
417827-0.jpg,35/111/417827-0.jpg,20,male
429262-0.jpg,35/111/429262-0.jpg,20,male
126112-0.jpg,35/111/126112-0.jpg,20,male
428905-1.jpg,35/111/428905-1.jpg,20,male
429811-0.jpg,35/111/429811-0.jpg,20,male
477286-0.jpg,35/111/477286-0.jpg,20,male
121844-0.jpg,35/111/121844-0.jpg,20,male
120466-0.jpg,35/111/120466-0.jpg,20,male
430640-0.jpg,35/111/430640-0.jpg,20,male
418723-0.jpg,35/111/418723-0.jpg,20,male
417239-0.jpg,35/111/417239-0.jpg,20,male
420730-0.jpg,35/111/420730-0.jpg,20,male
423315-0.jpg,35/111/423315-0.jpg,20,male
3134-0.jpg,35/111/3134-0.jpg,20,male
416962-0.jpg,35/111/416962-0.jpg,20,male
417896-0.jpg,35/111/417896-0.jpg,20,male
435346-0.jpg,35/111/435346-0.jpg,20,male
2619-0.jpg,35/111/2619-0.jpg,20,male
122707-0.jpg,35/111/122707-0.jpg,20,male
120460-0.jpg,35/111/120460-0.jpg,20,male
478333-0.jpg,35/111/478333-0.jpg,20,male
67011-0.jpg,35/111/67011-0.jpg,20,male
481930-5.jpg,35/111/481930-5.jpg,20,male
425111-1.jpg,35/111/425111-1.jpg,20,male
309701-1.jpg,35/111/309701-1.jpg,20,male
306916-0.jpg,35/111/306916-0.jpg,20,male
417349-0.jpg,35/111/417349-0.jpg,20,male
422898-0.jpg,35/111/422898-0.jpg,20,male
478337-0.jpg,35/111/478337-0.jpg,20,male
121839-0.jpg,35/111/121839-0.jpg,20,male
431127-3.jpg,35/111/431127-3.jpg,20,male
435432-0.jpg,35/111/435432-0.jpg,20,male
488003-0.jpg,35/111/488003-0.jpg,20,male
416370-0.jpg,35/111/416370-0.jpg,20,male
67040-0.jpg,35/111/67040-0.jpg,20,male
416774-0.jpg,35/111/416774-0.jpg,20,male
487756-0.jpg,35/111/487756-0.jpg,20,male
423336-0.jpg,35/111/423336-0.jpg,20,male
1351-0.jpg,35/111/1351-0.jpg,20,male
65743-0.jpg,35/111/65743-0.jpg,20,male
487501-0.jpg,35/111/487501-0.jpg,20,male
419459-2.jpg,35/111/419459-2.jpg,20,male
480295-0.jpg,35/111/480295-0.jpg,20,male
417405-0.jpg,35/111/417405-0.jpg,20,male
415867-0.jpg,35/111/415867-0.jpg,20,male
9558-0.jpg,35/111/9558-0.jpg,20,male
419691-1.jpg,35/111/419691-1.jpg,20,male
122187-0.jpg,35/111/122187-0.jpg,20,male
477511-0.jpg,35/111/477511-0.jpg,20,male
481898-2.jpg,35/111/481898-2.jpg,20,male
120115-0.jpg,35/111/120115-0.jpg,20,male
421059-0.jpg,35/111/421059-0.jpg,20,male
4315-0.jpg,35/111/4315-0.jpg,20,male
1657-4.jpg,35/111/1657-4.jpg,20,male
124208-0.jpg,35/111/124208-0.jpg,20,male
123477-0.jpg,35/111/123477-0.jpg,20,male
121904-0.jpg,35/111/121904-0.jpg,20,male
120550-0.jpg,35/111/120550-0.jpg,20,male
3813-0.jpg,35/111/3813-0.jpg,20,male
420422-6.jpg,35/111/420422-6.jpg,20,male
125930-0.jpg,35/111/125930-0.jpg,20,male
425689-2.jpg,35/111/425689-2.jpg,20,male
417211-2.jpg,35/111/417211-2.jpg,20,male
479395-0.jpg,35/111/479395-0.jpg,20,male
414519-1.jpg,35/111/414519-1.jpg,20,male
419021-0.jpg,35/111/419021-0.jpg,20,male
415199-0.jpg,35/111/415199-0.jpg,20,male
414933-0.jpg,35/111/414933-0.jpg,20,male
119981-0.jpg,35/111/119981-0.jpg,20,male
65529-0.jpg,35/111/65529-0.jpg,20,male
65786-0.jpg,35/111/65786-0.jpg,20,male
1320-0.jpg,35/111/1320-0.jpg,20,male
426499-0.jpg,35/111/426499-0.jpg,20,male
3221-0.jpg,35/111/3221-0.jpg,20,male
485415-0.jpg,35/111/485415-0.jpg,20,male
421575-0.jpg,35/111/421575-0.jpg,20,male
3496-0.jpg,35/111/3496-0.jpg,20,male
424209-0.jpg,35/111/424209-0.jpg,20,male
414623-0.jpg,35/111/414623-0.jpg,20,male
420969-0.jpg,35/111/420969-0.jpg,20,male
122678-0.jpg,35/111/122678-0.jpg,20,male
410573-0.jpg,35/111/410573-0.jpg,20,male
3096-0.jpg,35/111/3096-0.jpg,20,male
484900-0.jpg,35/111/484900-0.jpg,20,male
419754-0.jpg,35/111/419754-0.jpg,20,male
416461-0.jpg,35/111/416461-0.jpg,20,male
421482-0.jpg,35/111/421482-0.jpg,20,male
424870-0.jpg,35/111/424870-0.jpg,20,male
479139-0.jpg,35/111/479139-0.jpg,20,male
487321-0.jpg,35/111/487321-0.jpg,20,male
121501-0.jpg,35/111/121501-0.jpg,20,male
3636-0.jpg,35/111/3636-0.jpg,20,male
416553-0.jpg,35/111/416553-0.jpg,20,male
121260-1.jpg,35/111/121260-1.jpg,20,male
417396-0.jpg,35/111/417396-0.jpg,20,male
426421-0.jpg,35/111/426421-0.jpg,20,male
127503-0.jpg,35/111/127503-0.jpg,20,male
486841-0.jpg,35/111/486841-0.jpg,20,male
435648-0.jpg,35/111/435648-0.jpg,20,male
416773-0.jpg,35/111/416773-0.jpg,20,male
418001-0.jpg,35/111/418001-0.jpg,20,male
306342-1.jpg,35/111/306342-1.jpg,20,male
416596-0.jpg,35/111/416596-0.jpg,20,male
418045-0.jpg,35/111/418045-0.jpg,20,male
479579-0.jpg,35/111/479579-0.jpg,20,male
414106-0.jpg,35/111/414106-0.jpg,20,male
416703-0.jpg,35/111/416703-0.jpg,20,male
129930-0.jpg,35/111/129930-0.jpg,20,male
421343-0.jpg,35/111/421343-0.jpg,20,male
416555-0.jpg,35/111/416555-0.jpg,20,male
484343-0.jpg,35/111/484343-0.jpg,20,male
422390-1.jpg,35/111/422390-1.jpg,20,male
479787-0.jpg,35/111/479787-0.jpg,20,male
66482-0.jpg,35/111/66482-0.jpg,20,male
487163-0.jpg,35/111/487163-0.jpg,20,male
1994-0.jpg,35/111/1994-0.jpg,20,male
417206-0.jpg,35/111/417206-0.jpg,20,male
419205-0.jpg,35/111/419205-0.jpg,20,male
1513-0.jpg,35/111/1513-0.jpg,20,male
446447-0.jpg,35/111/446447-0.jpg,20,male
306723-1.jpg,35/111/306723-1.jpg,20,male
478854-6.jpg,35/111/478854-6.jpg,20,male
121918-0.jpg,35/111/121918-0.jpg,20,male
124799-0.jpg,35/111/124799-0.jpg,20,male
420035-0.jpg,35/111/420035-0.jpg,20,male
306970-0.jpg,35/111/306970-0.jpg,20,male
67515-1.jpg,35/111/67515-1.jpg,20,male
306164-0.jpg,35/111/306164-0.jpg,20,male
416850-0.jpg,35/111/416850-0.jpg,20,male
416797-0.jpg,35/111/416797-0.jpg,20,male
422763-0.jpg,35/111/422763-0.jpg,20,male
134759-1.jpg,35/111/134759-1.jpg,20,male
414115-1.jpg,35/111/414115-1.jpg,20,male
434391-0.jpg,35/111/434391-0.jpg,20,male
119764-0.jpg,35/111/119764-0.jpg,20,male
122042-0.jpg,35/111/122042-0.jpg,20,male
125895-0.jpg,35/111/125895-0.jpg,20,male
430230-0.jpg,35/111/430230-0.jpg,20,male
127694-0.jpg,35/111/127694-0.jpg,20,male
479813-0.jpg,35/111/479813-0.jpg,20,male
418480-0.jpg,35/111/418480-0.jpg,20,male
420416-2.jpg,35/111/420416-2.jpg,20,male
487503-0.jpg,35/111/487503-0.jpg,20,male
486503-0.jpg,35/111/486503-0.jpg,20,male
2794-0.jpg,35/111/2794-0.jpg,20,male
124734-0.jpg,35/111/124734-0.jpg,20,male
416375-0.jpg,35/111/416375-0.jpg,20,male
119694-0.jpg,35/111/119694-0.jpg,20,male
125146-0.jpg,35/111/125146-0.jpg,20,male
486776-0.jpg,35/111/486776-0.jpg,20,male
482115-0.jpg,35/111/482115-0.jpg,20,male
307895-0.jpg,35/111/307895-0.jpg,20,male
3510-0.jpg,35/111/3510-0.jpg,20,male
480397-0.jpg,35/111/480397-0.jpg,20,male
486738-0.jpg,35/111/486738-0.jpg,20,male
436605-0.jpg,35/111/436605-0.jpg,20,male
417994-0.jpg,35/111/417994-0.jpg,20,male
486723-0.jpg,35/111/486723-0.jpg,20,male
66434-0.jpg,35/111/66434-0.jpg,20,male
421310-0.jpg,35/111/421310-0.jpg,20,male
121228-0.jpg,35/111/121228-0.jpg,20,male
487527-0.jpg,35/111/487527-0.jpg,20,male
2991-0.jpg,35/111/2991-0.jpg,20,male
306958-0.jpg,35/111/306958-0.jpg,20,male
418897-0.jpg,35/111/418897-0.jpg,20,male
424911-0.jpg,35/111/424911-0.jpg,20,male
123598-0.jpg,35/111/123598-0.jpg,20,male
65398-0.jpg,35/111/65398-0.jpg,20,male
477460-0.jpg,35/111/477460-0.jpg,20,male
3281-0.jpg,35/111/3281-0.jpg,20,male
430219-0.jpg,35/111/430219-0.jpg,20,male
478980-0.jpg,35/111/478980-0.jpg,20,male
307205-0.jpg,35/111/307205-0.jpg,20,male
123027-0.jpg,35/111/123027-0.jpg,20,male
121411-0.jpg,35/111/121411-0.jpg,20,male
433726-0.jpg,35/111/433726-0.jpg,20,male
423290-0.jpg,35/111/423290-0.jpg,20,male
128108-0.jpg,35/111/128108-0.jpg,20,male
485231-0.jpg,35/111/485231-0.jpg,20,male
65472-0.jpg,35/111/65472-0.jpg,20,male
487828-0.jpg,35/111/487828-0.jpg,20,male
3546-0.jpg,35/111/3546-0.jpg,20,male
68445-0.jpg,35/111/68445-0.jpg,20,male
118792-0.jpg,35/111/118792-0.jpg,20,male
481885-0.jpg,35/111/481885-0.jpg,20,male
414571-0.jpg,35/111/414571-0.jpg,20,male
6268-0.jpg,35/111/6268-0.jpg,20,male
424101-0.jpg,35/111/424101-0.jpg,20,male
120209-1.jpg,35/111/120209-1.jpg,20,male
433621-0.jpg,35/111/433621-0.jpg,20,male
422743-0.jpg,35/111/422743-0.jpg,20,male
119594-0.jpg,35/111/119594-0.jpg,20,male
121162-0.jpg,35/111/121162-0.jpg,20,male
306416-0.jpg,35/111/306416-0.jpg,20,male
118965-2.jpg,35/111/118965-2.jpg,20,male
129054-0.jpg,35/111/129054-0.jpg,20,male
3038-0.jpg,35/111/3038-0.jpg,20,male
425812-0.jpg,35/111/425812-0.jpg,20,male
126512-0.jpg,35/111/126512-0.jpg,20,male
123029-0.jpg,35/111/123029-0.jpg,20,male
478941-2.jpg,35/111/478941-2.jpg,20,male
125931-0.jpg,35/111/125931-0.jpg,20,male
418958-0.jpg,35/111/418958-0.jpg,20,male
123443-0.jpg,35/111/123443-0.jpg,20,male
484071-0.jpg,35/111/484071-0.jpg,20,male
415000-4.jpg,35/111/415000-4.jpg,20,male
421710-0.jpg,35/111/421710-0.jpg,20,male
423277-0.jpg,35/111/423277-0.jpg,20,male
6180-0.jpg,35/111/6180-0.jpg,20,male
418253-2.jpg,35/111/418253-2.jpg,20,male
122328-0.jpg,35/111/122328-0.jpg,20,male
421056-0.jpg,35/111/421056-0.jpg,20,male
118807-1.jpg,35/111/118807-1.jpg,20,male
3037-0.jpg,35/111/3037-0.jpg,20,male
2248-0.jpg,35/111/2248-0.jpg,20,male
427184-0.jpg,35/111/427184-0.jpg,20,male
423210-0.jpg,35/111/423210-0.jpg,20,male
422298-0.jpg,35/111/422298-0.jpg,20,male
426915-0.jpg,35/111/426915-0.jpg,20,male
126375-0.jpg,35/111/126375-0.jpg,20,male
307858-0.jpg,35/111/307858-0.jpg,20,male
122412-0.jpg,35/111/122412-0.jpg,20,male
424679-0.jpg,35/111/424679-0.jpg,20,male
479547-1.jpg,35/111/479547-1.jpg,20,male
308048-0.jpg,35/111/308048-0.jpg,20,male
309149-1.jpg,35/111/309149-1.jpg,20,male
3181-0.jpg,35/111/3181-0.jpg,20,male
308369-0.jpg,35/111/308369-0.jpg,20,male
2953-0.jpg,35/111/2953-0.jpg,20,male
308061-0.jpg,35/111/308061-0.jpg,20,male
479869-0.jpg,35/111/479869-0.jpg,20,male
416564-1.jpg,35/111/416564-1.jpg,20,male
418299-0.jpg,35/111/418299-0.jpg,20,male
418069-0.jpg,35/111/418069-0.jpg,20,male
425759-1.jpg,35/111/425759-1.jpg,20,male
2049-0.jpg,35/111/2049-0.jpg,20,male
308405-0.jpg,35/111/308405-0.jpg,20,male
483312-3.jpg,35/111/483312-3.jpg,20,male
119530-0.jpg,35/111/119530-0.jpg,20,male
120383-0.jpg,35/111/120383-0.jpg,20,male
414356-0.jpg,35/111/414356-0.jpg,20,male
418031-0.jpg,35/111/418031-0.jpg,20,male
485899-0.jpg,35/111/485899-0.jpg,20,male
425201-0.jpg,35/111/425201-0.jpg,20,male
415190-2.jpg,35/111/415190-2.jpg,20,male
423133-0.jpg,35/111/423133-0.jpg,20,male
3465-0.jpg,35/111/3465-0.jpg,20,male
440260-1.jpg,35/111/440260-1.jpg,20,male
307477-0.jpg,35/111/307477-0.jpg,20,male
422127-4.jpg,35/111/422127-4.jpg,20,male
414667-0.jpg,35/111/414667-0.jpg,20,male
415874-0.jpg,35/111/415874-0.jpg,20,male
418731-0.jpg,35/111/418731-0.jpg,20,male
414436-0.jpg,35/111/414436-0.jpg,20,male
2617-0.jpg,35/111/2617-0.jpg,20,male
478300-0.jpg,35/111/478300-0.jpg,20,male
307681-0.jpg,35/111/307681-0.jpg,20,male
118789-0.jpg,35/111/118789-0.jpg,20,male
428427-0.jpg,35/111/428427-0.jpg,20,male
417160-1.jpg,35/111/417160-1.jpg,20,male
479091-0.jpg,35/111/479091-0.jpg,20,male
119780-0.jpg,35/111/119780-0.jpg,20,male
427856-2.jpg,35/111/427856-2.jpg,20,male
435235-0.jpg,35/111/435235-0.jpg,20,male
418058-0.jpg,35/111/418058-0.jpg,20,male
426468-0.jpg,35/111/426468-0.jpg,20,male
120401-0.jpg,35/111/120401-0.jpg,20,male
66433-0.jpg,35/111/66433-0.jpg,20,male
478958-0.jpg,35/111/478958-0.jpg,20,male
413982-0.jpg,35/111/413982-0.jpg,20,male
127796-0.jpg,35/111/127796-0.jpg,20,male
486800-0.jpg,35/111/486800-0.jpg,20,male
419115-0.jpg,35/111/419115-0.jpg,20,male
416597-0.jpg,35/111/416597-0.jpg,20,male
120628-0.jpg,35/111/120628-0.jpg,20,male
486472-0.jpg,35/111/486472-0.jpg,20,male
121944-1.jpg,35/111/121944-1.jpg,20,male
306428-0.jpg,35/111/306428-0.jpg,20,male
429195-0.jpg,35/111/429195-0.jpg,20,male
487177-0.jpg,35/111/487177-0.jpg,20,male
485886-0.jpg,35/111/485886-0.jpg,20,male
6290-0.jpg,35/111/6290-0.jpg,20,male
1658-0.jpg,35/111/1658-0.jpg,20,male
417831-0.jpg,35/111/417831-0.jpg,20,male
478292-0.jpg,35/111/478292-0.jpg,20,male
423916-0.jpg,35/111/423916-0.jpg,20,male
428253-0.jpg,35/111/428253-0.jpg,20,male
430011-0.jpg,35/111/430011-0.jpg,20,male
435514-0.jpg,35/111/435514-0.jpg,20,male
424677-0.jpg,35/111/424677-0.jpg,20,male
428623-0.jpg,35/111/428623-0.jpg,20,male
121333-0.jpg,35/111/121333-0.jpg,20,male
120091-0.jpg,35/111/120091-0.jpg,20,male
417743-0.jpg,35/111/417743-0.jpg,20,male
478075-0.jpg,35/111/478075-0.jpg,20,male
424947-0.jpg,35/111/424947-0.jpg,20,male
415865-0.jpg,35/111/415865-0.jpg,20,male
3146-0.jpg,35/111/3146-0.jpg,20,male
415009-0.jpg,35/111/415009-0.jpg,20,male
122634-0.jpg,35/111/122634-0.jpg,20,male
423699-0.jpg,35/111/423699-0.jpg,20,male
432000-0.jpg,35/111/432000-0.jpg,20,male
477940-0.jpg,35/111/477940-0.jpg,20,male
435527-0.jpg,35/111/435527-0.jpg,20,male
306700-0.jpg,35/111/306700-0.jpg,20,male
1420-0.jpg,35/111/1420-0.jpg,20,male
306630-0.jpg,35/111/306630-0.jpg,20,male
425692-0.jpg,35/111/425692-0.jpg,20,male
123639-0.jpg,35/111/123639-0.jpg,20,male
427544-0.jpg,35/111/427544-0.jpg,20,male
66738-0.jpg,35/111/66738-0.jpg,20,male
414089-0.jpg,35/111/414089-0.jpg,20,male
487378-0.jpg,35/111/487378-0.jpg,20,male
307329-0.jpg,35/111/307329-0.jpg,20,male
415689-0.jpg,35/111/415689-0.jpg,20,male
424284-0.jpg,35/111/424284-0.jpg,20,male
68325-0.jpg,35/111/68325-0.jpg,20,male
1661-0.jpg,35/111/1661-0.jpg,20,male
121047-0.jpg,35/111/121047-0.jpg,20,male
67052-0.jpg,35/111/67052-0.jpg,20,male
419830-0.jpg,35/111/419830-0.jpg,20,male
6230-0.jpg,35/111/6230-0.jpg,20,male
426536-0.jpg,35/111/426536-0.jpg,20,male
1282-0.jpg,35/111/1282-0.jpg,20,male
414081-0.jpg,35/111/414081-0.jpg,20,male
485619-0.jpg,35/111/485619-0.jpg,20,male
67250-0.jpg,35/111/67250-0.jpg,20,male
480040-0.jpg,35/111/480040-0.jpg,20,male
487822-1.jpg,35/111/487822-1.jpg,20,male
415205-0.jpg,35/111/415205-0.jpg,20,male
416534-0.jpg,35/111/416534-0.jpg,20,male
479054-0.jpg,35/111/479054-0.jpg,20,male
65978-0.jpg,35/111/65978-0.jpg,20,male
68386-0.jpg,35/111/68386-0.jpg,20,male
425547-0.jpg,35/111/425547-0.jpg,20,male
423234-0.jpg,35/111/423234-0.jpg,20,male
2134-0.jpg,35/111/2134-0.jpg,20,male
477988-0.jpg,35/111/477988-0.jpg,20,male
417143-0.jpg,35/111/417143-0.jpg,20,male
126797-0.jpg,35/111/126797-0.jpg,20,male
119595-0.jpg,35/111/119595-0.jpg,20,male
306881-0.jpg,35/111/306881-0.jpg,20,male
418198-0.jpg,35/111/418198-0.jpg,20,male
122386-1.jpg,35/111/122386-1.jpg,20,male
5268-0.jpg,35/111/5268-0.jpg,20,male
436956-0.jpg,35/111/436956-0.jpg,20,male
423578-0.jpg,35/111/423578-0.jpg,20,male
416054-0.jpg,35/111/416054-0.jpg,20,male
414905-0.jpg,35/111/414905-0.jpg,20,male
122692-0.jpg,35/111/122692-0.jpg,20,male
479109-1.jpg,35/111/479109-1.jpg,20,male
417745-0.jpg,35/111/417745-0.jpg,20,male
68695-0.jpg,35/111/68695-0.jpg,20,male
415567-0.jpg,35/111/415567-0.jpg,20,male
66002-0.jpg,35/111/66002-0.jpg,20,male
124574-2.jpg,35/111/124574-2.jpg,20,male
306600-0.jpg,35/111/306600-0.jpg,20,male
436167-0.jpg,35/111/436167-0.jpg,20,male
429221-1.jpg,35/111/429221-1.jpg,20,male
416690-0.jpg,35/111/416690-0.jpg,20,male
65527-0.jpg,35/111/65527-0.jpg,20,male
432035-0.jpg,35/111/432035-0.jpg,20,male
478124-1.jpg,35/111/478124-1.jpg,20,male
484874-0.jpg,35/111/484874-0.jpg,20,male
121825-0.jpg,35/111/121825-0.jpg,20,male
414567-0.jpg,35/111/414567-0.jpg,20,male
445042-1.jpg,35/111/445042-1.jpg,20,male
66805-0.jpg,35/111/66805-0.jpg,20,male
432535-0.jpg,35/111/432535-0.jpg,20,male
66459-0.jpg,35/111/66459-0.jpg,20,male
307776-0.jpg,35/111/307776-0.jpg,20,male
122504-1.jpg,35/111/122504-1.jpg,20,male
416928-0.jpg,35/111/416928-0.jpg,20,male
479843-0.jpg,35/111/479843-0.jpg,20,male
416942-0.jpg,35/111/416942-0.jpg,20,male
414638-0.jpg,35/111/414638-0.jpg,20,male
119952-0.jpg,35/111/119952-0.jpg,20,male
481898-3.jpg,35/111/481898-3.jpg,20,male
415128-0.jpg,35/111/415128-0.jpg,20,male
65476-0.jpg,35/111/65476-0.jpg,20,male
420442-0.jpg,35/111/420442-0.jpg,20,male
303428-0.jpg,35/111/303428-0.jpg,20,male
414544-0.jpg,35/111/414544-0.jpg,20,male
478236-0.jpg,35/111/478236-0.jpg,20,male
431117-0.jpg,35/111/431117-0.jpg,20,male
307961-0.jpg,35/111/307961-0.jpg,20,male
417590-0.jpg,35/111/417590-0.jpg,20,male
125472-0.jpg,35/111/125472-0.jpg,20,male
429032-0.jpg,35/111/429032-0.jpg,20,male
414712-1.jpg,35/111/414712-1.jpg,20,male
120426-0.jpg,35/111/120426-0.jpg,20,male
417170-0.jpg,35/111/417170-0.jpg,20,male
419424-0.jpg,35/111/419424-0.jpg,20,male
309732-0.jpg,35/111/309732-0.jpg,20,male
438448-0.jpg,35/111/438448-0.jpg,20,male
478538-1.jpg,35/111/478538-1.jpg,20,male
307188-0.jpg,35/111/307188-0.jpg,20,male
453942-0.jpg,35/111/453942-0.jpg,20,male
118807-2.jpg,35/111/118807-2.jpg,20,male
417534-0.jpg,35/111/417534-0.jpg,20,male
4162-0.jpg,35/111/4162-0.jpg,20,male
123751-0.jpg,35/111/123751-0.jpg,20,male
480072-0.jpg,35/111/480072-0.jpg,20,male
66395-0.jpg,35/111/66395-0.jpg,20,male
123249-0.jpg,35/111/123249-0.jpg,20,male
417932-6.jpg,35/111/417932-6.jpg,20,male
421605-2.jpg,35/111/421605-2.jpg,20,male
420628-0.jpg,35/111/420628-0.jpg,20,male
118709-0.jpg,35/111/118709-0.jpg,20,male
423620-0.jpg,35/111/423620-0.jpg,20,male
1962-0.jpg,35/111/1962-0.jpg,20,male
425570-0.jpg,35/111/425570-0.jpg,20,male
434586-0.jpg,35/111/434586-0.jpg,20,male
122468-0.jpg,35/111/122468-0.jpg,20,male
414663-0.jpg,35/111/414663-0.jpg,20,male
478283-1.jpg,35/111/478283-1.jpg,20,male
417347-0.jpg,35/111/417347-0.jpg,20,male
413495-1.jpg,35/111/413495-1.jpg,20,male
68192-0.jpg,35/111/68192-0.jpg,20,male
1407-0.jpg,35/111/1407-0.jpg,20,male
125803-2.jpg,35/111/125803-2.jpg,20,male
416906-0.jpg,35/111/416906-0.jpg,20,male
118723-1.jpg,35/111/118723-1.jpg,20,male
122847-0.jpg,35/111/122847-0.jpg,20,male
121847-0.jpg,35/111/121847-0.jpg,20,male
422687-1.jpg,35/111/422687-1.jpg,20,male
118722-0.jpg,35/111/118722-0.jpg,20,male
477944-0.jpg,35/111/477944-0.jpg,20,male
479171-0.jpg,35/111/479171-0.jpg,20,male
423573-0.jpg,35/111/423573-0.jpg,20,male
128586-0.jpg,35/111/128586-0.jpg,20,male
120465-0.jpg,35/111/120465-0.jpg,20,male
122616-1.jpg,35/111/122616-1.jpg,20,male
416276-0.jpg,35/111/416276-0.jpg,20,male
67111-0.jpg,35/111/67111-0.jpg,20,male
442392-0.jpg,35/111/442392-0.jpg,20,male
479777-1.jpg,35/111/479777-1.jpg,20,male
306538-0.jpg,35/111/306538-0.jpg,20,male
432849-0.jpg,35/111/432849-0.jpg,20,male
421016-0.jpg,35/111/421016-0.jpg,20,male
122835-1.jpg,35/111/122835-1.jpg,20,male
417302-0.jpg,35/111/417302-0.jpg,20,male
68389-0.jpg,35/111/68389-0.jpg,20,male
422127-2.jpg,35/111/422127-2.jpg,20,male
309497-0.jpg,35/111/309497-0.jpg,20,male
2325-0.jpg,35/111/2325-0.jpg,20,male
120077-0.jpg,35/111/120077-0.jpg,20,male
422127-3.jpg,35/111/422127-3.jpg,20,male
417824-0.jpg,35/111/417824-0.jpg,20,male
420943-0.jpg,35/111/420943-0.jpg,20,male
306981-2.jpg,35/111/306981-2.jpg,20,male
119596-0.jpg,35/111/119596-0.jpg,20,male
432760-0.jpg,35/111/432760-0.jpg,20,male
310475-0.jpg,35/111/310475-0.jpg,20,male
66764-6.jpg,35/111/66764-6.jpg,20,male
416714-0.jpg,35/111/416714-0.jpg,20,male
429655-0.jpg,35/111/429655-0.jpg,20,male
484918-0.jpg,35/111/484918-0.jpg,20,male
65529-8.jpg,35/111/65529-8.jpg,20,male
478905-0.jpg,35/111/478905-0.jpg,20,male
119513-1.jpg,35/111/119513-1.jpg,20,male
122981-0.jpg,35/111/122981-0.jpg,20,male
416654-0.jpg,35/111/416654-0.jpg,20,male
421920-0.jpg,35/111/421920-0.jpg,20,male
119532-0.jpg,35/111/119532-0.jpg,20,male
126374-0.jpg,35/111/126374-0.jpg,20,male
414262-0.jpg,35/111/414262-0.jpg,20,male
67434-0.jpg,35/111/67434-0.jpg,20,male
417163-0.jpg,35/111/417163-0.jpg,20,male
430724-0.jpg,35/111/430724-0.jpg,20,male
417865-0.jpg,35/111/417865-0.jpg,20,male
418118-0.jpg,35/111/418118-0.jpg,20,male
428521-1.jpg,35/111/428521-1.jpg,20,male
119409-0.jpg,35/111/119409-0.jpg,20,male
426805-0.jpg,35/111/426805-0.jpg,20,male
306886-0.jpg,35/111/306886-0.jpg,20,male
415339-1.jpg,35/111/415339-1.jpg,20,male
478430-0.jpg,35/111/478430-0.jpg,20,male
418587-1.jpg,35/111/418587-1.jpg,20,male
483465-0.jpg,35/111/483465-0.jpg,20,male
415693-0.jpg,35/111/415693-0.jpg,20,male
423567-0.jpg,35/111/423567-0.jpg,20,male
427856-3.jpg,35/111/427856-3.jpg,20,male
418398-0.jpg,35/111/418398-0.jpg,20,male
485436-0.jpg,35/111/485436-0.jpg,20,male
485341-0.jpg,35/111/485341-0.jpg,20,male
126838-0.jpg,35/111/126838-0.jpg,20,male
484173-0.jpg,35/111/484173-0.jpg,20,male
126581-0.jpg,35/111/126581-0.jpg,20,male
422710-0.jpg,35/111/422710-0.jpg,20,male
478781-0.jpg,35/111/478781-0.jpg,20,male
426368-1.jpg,35/111/426368-1.jpg,20,male
410982-0.jpg,35/111/410982-0.jpg,20,male
416857-0.jpg,35/111/416857-0.jpg,20,male
120662-0.jpg,35/111/120662-0.jpg,20,male
118807-0.jpg,35/111/118807-0.jpg,20,male
451412-0.jpg,35/111/451412-0.jpg,20,male
120208-0.jpg,35/111/120208-0.jpg,20,male
485151-0.jpg,35/111/485151-0.jpg,20,male
417947-0.jpg,35/111/417947-0.jpg,20,male
416042-2.jpg,35/111/416042-2.jpg,20,male
65822-0.jpg,35/111/65822-0.jpg,20,male
422073-0.jpg,35/111/422073-0.jpg,20,male
420616-0.jpg,35/111/420616-0.jpg,20,male
485275-0.jpg,35/111/485275-0.jpg,20,male
119242-0.jpg,35/111/119242-0.jpg,20,male
1947-0.jpg,35/111/1947-0.jpg,20,male
424329-1.jpg,35/111/424329-1.jpg,20,male
478644-0.jpg,35/111/478644-0.jpg,20,male
417605-0.jpg,35/111/417605-0.jpg,20,male
429832-0.jpg,35/111/429832-0.jpg,20,male
3706-0.jpg,35/111/3706-0.jpg,20,male
123292-1.jpg,35/111/123292-1.jpg,20,male
479704-1.jpg,35/111/479704-1.jpg,20,male
417708-0.jpg,35/111/417708-0.jpg,20,male
122695-0.jpg,35/111/122695-0.jpg,20,male
418015-0.jpg,35/111/418015-0.jpg,20,male
415766-0.jpg,35/111/415766-0.jpg,20,male
417503-0.jpg,35/111/417503-0.jpg,20,male
126082-0.jpg,35/111/126082-0.jpg,20,male
418653-0.jpg,35/111/418653-0.jpg,20,male
306165-0.jpg,35/111/306165-0.jpg,20,male
487975-1.jpg,35/111/487975-1.jpg,20,male
417600-0.jpg,35/111/417600-0.jpg,20,male
307247-1.jpg,35/111/307247-1.jpg,20,male
121050-0.jpg,35/111/121050-0.jpg,20,male
415813-0.jpg,35/111/415813-0.jpg,20,male
306759-0.jpg,35/111/306759-0.jpg,20,male
119959-0.jpg,35/111/119959-0.jpg,20,male
417721-0.jpg,35/111/417721-0.jpg,20,male
1621-0.jpg,35/111/1621-0.jpg,20,male
120120-0.jpg,35/111/120120-0.jpg,20,male
414272-0.jpg,35/111/414272-0.jpg,20,male
486850-0.jpg,35/111/486850-0.jpg,20,male
130754-0.jpg,35/111/130754-0.jpg,20,male
487487-0.jpg,35/111/487487-0.jpg,20,male
417106-0.jpg,35/111/417106-0.jpg,20,male
480037-0.jpg,35/111/480037-0.jpg,20,male
416798-0.jpg,35/111/416798-0.jpg,20,male
410385-0.jpg,35/111/410385-0.jpg,20,male
417861-0.jpg,35/111/417861-0.jpg,20,male
417789-0.jpg,35/111/417789-0.jpg,20,male
422478-0.jpg,35/111/422478-0.jpg,20,male
418132-0.jpg,35/111/418132-0.jpg,20,male
67055-1.jpg,35/111/67055-1.jpg,20,male
67064-0.jpg,35/111/67064-0.jpg,20,male
309079-0.jpg,35/111/309079-0.jpg,20,male
308425-0.jpg,35/111/308425-0.jpg,20,male
6597-0.jpg,35/111/6597-0.jpg,20,male
415939-0.jpg,35/111/415939-0.jpg,20,male
411381-0.jpg,35/111/411381-0.jpg,20,male
484594-0.jpg,35/111/484594-0.jpg,20,male
477712-0.jpg,35/111/477712-0.jpg,20,male
308918-0.jpg,35/111/308918-0.jpg,20,male
306741-0.jpg,35/111/306741-0.jpg,20,male
418043-0.jpg,35/111/418043-0.jpg,20,male
420416-4.jpg,35/111/420416-4.jpg,20,male
477272-0.jpg,35/111/477272-0.jpg,20,male
309320-0.jpg,35/111/309320-0.jpg,20,male
123700-1.jpg,35/111/123700-1.jpg,20,male
418472-0.jpg,35/111/418472-0.jpg,20,male
419247-0.jpg,35/111/419247-0.jpg,20,male
416471-0.jpg,35/111/416471-0.jpg,20,male
6190-0.jpg,35/111/6190-0.jpg,20,male
428701-0.jpg,35/111/428701-0.jpg,20,male
478190-0.jpg,35/111/478190-0.jpg,20,male
118583-0.jpg,35/111/118583-0.jpg,20,male
668565-0.jpg,40/112/668565-0.jpg,25,female
410225-0.jpg,40/112/410225-0.jpg,25,female
404582-0.jpg,40/112/404582-0.jpg,25,female
404538-2.jpg,40/112/404538-2.jpg,25,female
404093-0.jpg,40/112/404093-0.jpg,25,female
409997-3.jpg,40/112/409997-3.jpg,25,female
397187-0.jpg,40/112/397187-0.jpg,25,female
474063-0.jpg,40/112/474063-0.jpg,25,female
403865-0.jpg,40/112/403865-0.jpg,25,female
475144-0.jpg,40/112/475144-0.jpg,25,female
412769-0.jpg,40/112/412769-0.jpg,25,female
411099-0.jpg,40/112/411099-0.jpg,25,female
409302-0.jpg,40/112/409302-0.jpg,25,female
405821-0.jpg,40/112/405821-0.jpg,25,female
397146-0.jpg,40/112/397146-0.jpg,25,female
675483-0.jpg,40/112/675483-0.jpg,25,female
404642-0.jpg,40/112/404642-0.jpg,25,female
675049-0.jpg,40/112/675049-0.jpg,25,female
644429-2.jpg,40/112/644429-2.jpg,25,female
675113-0.jpg,40/112/675113-0.jpg,25,female
675485-0.jpg,40/112/675485-0.jpg,25,female
404740-0.jpg,40/112/404740-0.jpg,25,female
397698-3.jpg,40/112/397698-3.jpg,25,female
675118-0.jpg,40/112/675118-0.jpg,25,female
399100-1.jpg,40/112/399100-1.jpg,25,female
412765-0.jpg,40/112/412765-0.jpg,25,female
580335-0.jpg,40/112/580335-0.jpg,25,female
405805-0.jpg,40/112/405805-0.jpg,25,female
578566-0.jpg,40/112/578566-0.jpg,25,female
119306-0.jpg,40/112/119306-0.jpg,25,female
401169-0.jpg,40/112/401169-0.jpg,25,female
403887-0.jpg,40/112/403887-0.jpg,25,female
473314-1.jpg,40/112/473314-1.jpg,25,female
675132-3.jpg,40/112/675132-3.jpg,25,female
643709-0.jpg,40/112/643709-0.jpg,25,female
579298-1.jpg,40/112/579298-1.jpg,25,female
412762-0.jpg,40/112/412762-0.jpg,25,female
672552-0.jpg,40/112/672552-0.jpg,25,female
401526-0.jpg,40/112/401526-0.jpg,25,female
409100-0.jpg,40/112/409100-0.jpg,25,female
404549-1.jpg,40/112/404549-1.jpg,25,female
584754-0.jpg,40/112/584754-0.jpg,25,female
404649-0.jpg,40/112/404649-0.jpg,25,female
409999-0.jpg,40/112/409999-0.jpg,25,female
404050-0.jpg,40/112/404050-0.jpg,25,female
576108-0.jpg,40/112/576108-0.jpg,25,female
579261-0.jpg,40/112/579261-0.jpg,25,female
409757-0.jpg,40/112/409757-0.jpg,25,female
397668-0.jpg,40/112/397668-0.jpg,25,female
668547-0.jpg,40/112/668547-0.jpg,25,female
578278-0.jpg,40/112/578278-0.jpg,25,female
398447-0.jpg,40/112/398447-0.jpg,25,female
397212-0.jpg,40/112/397212-0.jpg,25,female
398134-0.jpg,40/112/398134-0.jpg,25,female
401042-0.jpg,40/112/401042-0.jpg,25,female
404567-0.jpg,40/112/404567-0.jpg,25,female
475058-0.jpg,40/112/475058-0.jpg,25,female
674986-0.jpg,40/112/674986-0.jpg,25,female
412747-0.jpg,40/112/412747-0.jpg,25,female
118887-0.jpg,40/111/118887-0.jpg,25,male
404798-0.jpg,40/111/404798-0.jpg,25,male
397698-5.jpg,40/111/397698-5.jpg,25,male
669723-2.jpg,40/111/669723-2.jpg,25,male
477662-0.jpg,40/111/477662-0.jpg,25,male
401731-0.jpg,40/111/401731-0.jpg,25,male
575741-0.jpg,40/111/575741-0.jpg,25,male
411058-0.jpg,40/111/411058-0.jpg,25,male
667692-0.jpg,40/111/667692-0.jpg,25,male
667672-1.jpg,40/111/667672-1.jpg,25,male
402360-0.jpg,40/111/402360-0.jpg,25,male
578843-0.jpg,40/111/578843-0.jpg,25,male
397880-0.jpg,40/111/397880-0.jpg,25,male
672147-0.jpg,40/111/672147-0.jpg,25,male
401106-0.jpg,40/111/401106-0.jpg,25,male
406539-0.jpg,40/111/406539-0.jpg,25,male
473861-0.jpg,40/111/473861-0.jpg,25,male
675139-0.jpg,40/111/675139-0.jpg,25,male
674979-0.jpg,40/111/674979-0.jpg,25,male
669984-0.jpg,40/111/669984-0.jpg,25,male
667941-10.jpg,40/111/667941-10.jpg,25,male
669529-1.jpg,40/111/669529-1.jpg,25,male
421549-0.jpg,40/111/421549-0.jpg,25,male
403793-0.jpg,40/111/403793-0.jpg,25,male
410031-0.jpg,40/111/410031-0.jpg,25,male
409995-0.jpg,40/111/409995-0.jpg,25,male
576828-0.jpg,40/111/576828-0.jpg,25,male
407735-0.jpg,40/111/407735-0.jpg,25,male
575378-0.jpg,40/111/575378-0.jpg,25,male
576618-0.jpg,40/111/576618-0.jpg,25,male
668268-0.jpg,40/111/668268-0.jpg,25,male
581370-0.jpg,40/111/581370-0.jpg,25,male
641556-0.jpg,40/111/641556-0.jpg,25,male
398096-10.jpg,40/111/398096-10.jpg,25,male
406878-1.jpg,40/111/406878-1.jpg,25,male
472404-0.jpg,40/111/472404-0.jpg,25,male
480507-0.jpg,40/111/480507-0.jpg,25,male
475866-1.jpg,40/111/475866-1.jpg,25,male
575359-0.jpg,40/111/575359-0.jpg,25,male
402402-0.jpg,40/111/402402-0.jpg,25,male
672112-0.jpg,40/111/672112-0.jpg,25,male
673713-0.jpg,40/111/673713-0.jpg,25,male
470692-0.jpg,40/111/470692-0.jpg,25,male
410259-0.jpg,40/111/410259-0.jpg,25,male
670525-0.jpg,40/111/670525-0.jpg,25,male
397348-1.jpg,40/111/397348-1.jpg,25,male
410005-3.jpg,40/111/410005-3.jpg,25,male
577506-0.jpg,40/111/577506-0.jpg,25,male
672359-0.jpg,40/111/672359-0.jpg,25,male
669805-0.jpg,40/111/669805-0.jpg,25,male
667780-0.jpg,40/111/667780-0.jpg,25,male
577939-0.jpg,40/111/577939-0.jpg,25,male
673987-0.jpg,40/111/673987-0.jpg,25,male
673809-0.jpg,40/111/673809-0.jpg,25,male
672543-0.jpg,40/111/672543-0.jpg,25,male
470663-0.jpg,40/111/470663-0.jpg,25,male
673795-0.jpg,40/111/673795-0.jpg,25,male
409781-0.jpg,40/111/409781-0.jpg,25,male
667753-0.jpg,40/111/667753-0.jpg,25,male
408917-0.jpg,40/111/408917-0.jpg,25,male
399704-0.jpg,40/111/399704-0.jpg,25,male
671334-0.jpg,40/111/671334-0.jpg,25,male
408172-0.jpg,40/111/408172-0.jpg,25,male
406331-0.jpg,40/111/406331-0.jpg,25,male
579654-0.jpg,40/111/579654-0.jpg,25,male
409785-0.jpg,40/111/409785-0.jpg,25,male
675098-0.jpg,40/111/675098-0.jpg,25,male
669787-2.jpg,40/111/669787-2.jpg,25,male
673559-2.jpg,40/111/673559-2.jpg,25,male
655342-1.jpg,40/111/655342-1.jpg,25,male
581499-0.jpg,40/111/581499-0.jpg,25,male
397821-0.jpg,40/111/397821-0.jpg,25,male
578140-0.jpg,40/111/578140-0.jpg,25,male
482827-0.jpg,40/111/482827-0.jpg,25,male
402400-2.jpg,40/111/402400-2.jpg,25,male
406864-0.jpg,40/111/406864-0.jpg,25,male
579770-0.jpg,40/111/579770-0.jpg,25,male
410271-1.jpg,40/111/410271-1.jpg,25,male
397855-0.jpg,40/111/397855-0.jpg,25,male
471721-0.jpg,40/111/471721-0.jpg,25,male
119842-0.jpg,40/111/119842-0.jpg,25,male
3457-0.jpg,40/111/3457-0.jpg,25,male
409881-0.jpg,40/111/409881-0.jpg,25,male
667432-0.jpg,40/111/667432-0.jpg,25,male
577821-0.jpg,40/111/577821-0.jpg,25,male
402888-0.jpg,40/111/402888-0.jpg,25,male
670902-1.jpg,40/111/670902-1.jpg,25,male
398399-0.jpg,40/111/398399-0.jpg,25,male
405107-0.jpg,40/111/405107-0.jpg,25,male
409094-0.jpg,40/111/409094-0.jpg,25,male
471571-0.jpg,40/111/471571-0.jpg,25,male
667322-0.jpg,40/111/667322-0.jpg,25,male
405334-0.jpg,40/111/405334-0.jpg,25,male
410221-0.jpg,40/111/410221-0.jpg,25,male
669077-0.jpg,40/111/669077-0.jpg,25,male
407811-0.jpg,40/111/407811-0.jpg,25,male
475202-0.jpg,40/111/475202-0.jpg,25,male
672442-0.jpg,40/111/672442-0.jpg,25,male
477657-1.jpg,40/111/477657-1.jpg,25,male
671468-6.jpg,40/111/671468-6.jpg,25,male
402536-1.jpg,40/111/402536-1.jpg,25,male
672540-0.jpg,40/111/672540-0.jpg,25,male
578140-7.jpg,40/111/578140-7.jpg,25,male
674086-0.jpg,40/111/674086-0.jpg,25,male
404133-0.jpg,40/111/404133-0.jpg,25,male
411771-0.jpg,40/111/411771-0.jpg,25,male
655283-0.jpg,40/111/655283-0.jpg,25,male
470395-0.jpg,40/111/470395-0.jpg,25,male
412334-0.jpg,40/111/412334-0.jpg,25,male
667774-0.jpg,40/111/667774-0.jpg,25,male
399001-0.jpg,40/111/399001-0.jpg,25,male
470655-1.jpg,40/111/470655-1.jpg,25,male
402273-0.jpg,40/111/402273-0.jpg,25,male
673702-0.jpg,40/111/673702-0.jpg,25,male
672602-0.jpg,40/111/672602-0.jpg,25,male
481616-0.jpg,40/111/481616-0.jpg,25,male
471585-0.jpg,40/111/471585-0.jpg,25,male
399325-0.jpg,40/111/399325-0.jpg,25,male
404793-0.jpg,40/111/404793-0.jpg,25,male
575200-0.jpg,40/111/575200-0.jpg,25,male
473433-0.jpg,40/111/473433-0.jpg,25,male
471378-0.jpg,40/111/471378-0.jpg,25,male
404424-0.jpg,40/111/404424-0.jpg,25,male
397472-1.jpg,40/111/397472-1.jpg,25,male
401046-0.jpg,40/111/401046-0.jpg,25,male
668506-1.jpg,40/111/668506-1.jpg,25,male
675152-0.jpg,40/111/675152-0.jpg,25,male
307278-0.jpg,40/111/307278-0.jpg,25,male
627521-0.jpg,40/111/627521-0.jpg,25,male
473178-1.jpg,40/111/473178-1.jpg,25,male
404874-0.jpg,40/111/404874-0.jpg,25,male
402136-1.jpg,40/111/402136-1.jpg,25,male
406557-0.jpg,40/111/406557-0.jpg,25,male
668963-0.jpg,40/111/668963-0.jpg,25,male
473091-0.jpg,40/111/473091-0.jpg,25,male
669858-0.jpg,40/111/669858-0.jpg,25,male
672277-0.jpg,40/111/672277-0.jpg,25,male
411422-0.jpg,40/111/411422-0.jpg,25,male
408657-0.jpg,40/111/408657-0.jpg,25,male
409763-2.jpg,40/111/409763-2.jpg,25,male
673944-0.jpg,40/111/673944-0.jpg,25,male
405789-0.jpg,40/111/405789-0.jpg,25,male
397209-0.jpg,40/111/397209-0.jpg,25,male
410090-0.jpg,40/111/410090-0.jpg,25,male
413053-0.jpg,40/111/413053-0.jpg,25,male
401601-0.jpg,40/111/401601-0.jpg,25,male
397094-0.jpg,40/111/397094-0.jpg,25,male
405263-0.jpg,40/111/405263-0.jpg,25,male
408374-0.jpg,40/111/408374-0.jpg,25,male
403284-0.jpg,40/111/403284-0.jpg,25,male
412646-0.jpg,40/111/412646-0.jpg,25,male
669283-0.jpg,40/111/669283-0.jpg,25,male
397427-0.jpg,40/111/397427-0.jpg,25,male
673732-0.jpg,40/111/673732-0.jpg,25,male
642613-0.jpg,40/111/642613-0.jpg,25,male
480290-0.jpg,40/111/480290-0.jpg,25,male
671468-9.jpg,40/111/671468-9.jpg,25,male
576068-0.jpg,40/111/576068-0.jpg,25,male
404437-0.jpg,40/111/404437-0.jpg,25,male
409445-0.jpg,40/111/409445-0.jpg,25,male
421076-0.jpg,40/111/421076-0.jpg,25,male
404751-1.jpg,40/111/404751-1.jpg,25,male
397274-0.jpg,40/111/397274-0.jpg,25,male
412741-0.jpg,40/111/412741-0.jpg,25,male
410143-0.jpg,40/111/410143-0.jpg,25,male
583499-0.jpg,40/111/583499-0.jpg,25,male
397153-0.jpg,40/111/397153-0.jpg,25,male
404389-0.jpg,40/111/404389-0.jpg,25,male
401860-0.jpg,40/111/401860-0.jpg,25,male
673644-0.jpg,40/111/673644-0.jpg,25,male
473541-0.jpg,40/111/473541-0.jpg,25,male
674831-0.jpg,40/111/674831-0.jpg,25,male
404918-0.jpg,40/111/404918-0.jpg,25,male
410885-0.jpg,40/111/410885-0.jpg,25,male
671468-3.jpg,40/111/671468-3.jpg,25,male
578140-4.jpg,40/111/578140-4.jpg,25,male
474897-0.jpg,40/111/474897-0.jpg,25,male
670668-0.jpg,40/111/670668-0.jpg,25,male
398405-0.jpg,40/111/398405-0.jpg,25,male
404181-1.jpg,40/111/404181-1.jpg,25,male
404719-0.jpg,40/111/404719-0.jpg,25,male
625539-3.jpg,40/111/625539-3.jpg,25,male
405365-0.jpg,40/111/405365-0.jpg,25,male
673635-0.jpg,40/111/673635-0.jpg,25,male
412745-1.jpg,40/111/412745-1.jpg,25,male
673862-0.jpg,40/111/673862-0.jpg,25,male
397237-0.jpg,40/111/397237-0.jpg,25,male
673517-0.jpg,40/111/673517-0.jpg,25,male
644566-0.jpg,40/111/644566-0.jpg,25,male
398030-0.jpg,40/111/398030-0.jpg,25,male
470679-0.jpg,40/111/470679-0.jpg,25,male
403957-0.jpg,40/111/403957-0.jpg,25,male
403208-0.jpg,40/111/403208-0.jpg,25,male
405195-0.jpg,40/111/405195-0.jpg,25,male
672414-0.jpg,40/111/672414-0.jpg,25,male
668808-0.jpg,40/111/668808-0.jpg,25,male
578298-0.jpg,40/111/578298-0.jpg,25,male
408807-0.jpg,40/111/408807-0.jpg,25,male
671497-0.jpg,40/111/671497-0.jpg,25,male
674848-0.jpg,40/111/674848-0.jpg,25,male
674198-0.jpg,40/111/674198-0.jpg,25,male
402228-0.jpg,40/111/402228-0.jpg,25,male
408584-0.jpg,40/111/408584-0.jpg,25,male
397281-0.jpg,40/111/397281-0.jpg,25,male
472716-0.jpg,40/111/472716-0.jpg,25,male
627307-0.jpg,40/111/627307-0.jpg,25,male
