Unnamed: 0,id_num,picture_num,race,Male,facial_hair,age,glasses,quality
098195_6F46.jpg,98195,6,B,-1,,30,,GOOD
179202_11M31.jpg,179202,11,B,1,,15,,GOOD
177950_04F31.jpg,177950,4,W,-1,,15,,GOOD
156609_01M31.jpg,156609,1,B,1,,15,,GOOD
312277_00M46.jpg,312277,0,B,1,,30,,GOOD
317942_01M31.jpg,317942,1,B,1,,15,,GOOD
075209_0M46.jpg,75209,0,W,1,,30,,GOOD
032369_1M56.jpg,32369,1,B,1,,40,,GOOD
124412_0F36.jpg,124412,0,B,-1,,20,,GOOD
210982_10M31.jpg,210982,10,B,1,,15,,GOOD
052085_2M46.jpg,52085,2,B,1,,30,,GOOD
044653_4M46.jpg,44653,4,B,1,,30,,GOOD
119390_4F36.jpg,119390,4,B,-1,,20,,GOOD
118605_1M31.jpg,118605,1,W,1,,15,,GOOD
049032_1M46.jpg,49032,1,B,1,,30,,GOOD
175373_04M31.jpg,175373,4,B,1,,15,,GOOD
164996_01M56.jpg,164996,1,W,1,,40,,GOOD
117343_3M36.jpg,117343,3,W,1,,20,,GOOD
139933_02F41.jpg,139933,2,B,-1,,25,,GOOD
123763_1M36.jpg,123763,1,B,1,,20,,GOOD
073629_1M51.jpg,73629,1,B,1,,35,,GOOD
125813_0M31.jpg,125813,0,B,1,,15,,GOOD
208516_03M31.jpg,208516,3,B,1,,15,,GOOD
118856_2M36.jpg,118856,2,B,1,,20,,GOOD
188808_02F36.jpg,188808,2,W,-1,,20,,GOOD
324663_01M46.jpg,324663,1,B,1,,30,,GOOD
258674_01M31.jpg,258674,1,B,1,,15,,GOOD
054943_0M41.jpg,54943,0,B,1,,25,,GOOD
194603_01M36.jpg,194603,1,B,1,,20,,GOOD
049099_2M46.jpg,49099,2,B,1,,30,,GOOD
110776_02M46.jpg,110776,2,W,1,,30,,GOOD
251349_02M31.jpg,251349,2,W,1,,15,,GOOD
111884_0M36.jpg,111884,0,B,1,,20,,GOOD
046271_0M46.jpg,46271,0,B,1,,30,,GOOD
110900_4F36.jpg,110900,4,B,-1,,20,,GOOD
182333_01M31.jpg,182333,1,B,1,,15,,GOOD
332679_00F36.jpg,332679,0,W,-1,,20,,GOOD
182955_01M46.jpg,182955,1,B,1,,30,,GOOD
321361_02M31.jpg,321361,2,H,1,,15,,GOOD
058381_0M51.jpg,58381,0,B,1,,35,,GOOD
199392_02F31.jpg,199392,2,B,-1,,15,,GOOD
161514_03M31.jpg,161514,3,B,1,,15,,GOOD
054150_00M46.jpg,54150,0,W,1,,30,,GOOD
156550_08M36.jpg,156550,8,B,1,,20,,GOOD
175457_03M31.jpg,175457,3,B,1,,15,,GOOD
108686_6M46.jpg,108686,6,B,1,,30,,GOOD
290724_03M31.jpg,290724,3,B,1,,15,,GOOD
062599_01M41.jpg,62599,1,B,1,,25,,GOOD
312698_03F31.jpg,312698,3,W,-1,,15,,GOOD
118204_07F41.jpg,118204,7,B,-1,,25,,GOOD
094961_0F36.jpg,94961,0,B,-1,,20,,GOOD
260327_01F46.jpg,260327,1,W,-1,,30,,GOOD
118510_0M41.jpg,118510,0,W,1,,25,,GOOD
075542_2M46.jpg,75542,2,B,1,,30,,GOOD
137120_06M36.jpg,137120,6,B,1,,20,,GOOD
273493_00M51.jpg,273493,0,B,1,,35,,GOOD
179915_03M51.jpg,179915,3,B,1,,35,,GOOD
151699_02M46.jpg,151699,2,B,1,,30,,GOOD
092312_0M41.jpg,92312,0,B,1,,25,,GOOD
230145_03M36.jpg,230145,3,W,1,,20,,GOOD
194985_01M36.jpg,194985,1,B,1,,20,,GOOD
111119_1M41.jpg,111119,1,B,1,,25,,GOOD
135110_2M31.jpg,135110,2,W,1,,15,,GOOD
072594_03M41.jpg,72594,3,W,1,,25,,GOOD
117871_00M46.jpg,117871,0,B,1,,30,,GOOD
051685_01M51.jpg,51685,1,B,1,,35,,GOOD
049704_0M46.jpg,49704,0,B,1,,30,,GOOD
065015_9M41.jpg,65015,9,B,1,,25,,GOOD
053653_5M46.jpg,53653,5,W,1,,30,,GOOD
068158_22M41.jpg,68158,22,B,1,,25,,GOOD
328895_02M31.jpg,328895,2,W,1,,15,,GOOD
074076_2M46.jpg,74076,2,B,1,,30,,GOOD
107066_1F36.jpg,107066,1,B,-1,,20,,GOOD
057038_3M46.jpg,57038,3,B,1,,30,,GOOD
061689_6M41.jpg,61689,6,B,1,,25,,GOOD
180757_02F31.jpg,180757,2,W,-1,,15,,GOOD
322417_01M51.jpg,322417,1,B,1,,35,,GOOD
062849_02M46.jpg,62849,2,B,1,,30,,GOOD
133865_05M36.jpg,133865,5,W,1,,20,,GOOD
112455_15M36.jpg,112455,15,B,1,,20,,GOOD
126811_0M31.jpg,126811,0,B,1,,15,,GOOD
077821_0M36.jpg,77821,0,B,1,,20,,GOOD
049486_01M51.jpg,49486,1,B,1,,35,,GOOD
317300_03M41.jpg,317300,3,W,1,,25,,GOOD
191035_00M31.jpg,191035,0,W,1,,15,,GOOD
157526_03M31.jpg,157526,3,W,1,,15,,GOOD
318590_00F51.jpg,318590,0,B,-1,,35,,GOOD
035625_2M51.jpg,35625,2,B,1,,35,,GOOD
252819_00M36.jpg,252819,0,B,1,,20,,GOOD
049704_1M46.jpg,49704,1,B,1,,30,,GOOD
293992_03F36.jpg,293992,3,B,-1,,20,,GOOD
316428_02M56.jpg,316428,2,W,1,,40,,GOOD
147613_03M46.jpg,147613,3,B,1,,30,,GOOD
037910_0M51.jpg,37910,0,B,1,,35,,GOOD
132716_0M31.jpg,132716,0,B,1,,15,,GOOD
168974_00M41.jpg,168974,0,W,1,,25,,GOOD
060298_0M41.jpg,60298,0,B,1,,25,,GOOD
070740_0M36.jpg,70740,0,B,1,,20,,GOOD
104821_04F36.jpg,104821,4,W,-1,,20,,GOOD
127320_0M41.jpg,127320,0,W,1,,25,,GOOD
147269_02M31.jpg,147269,2,B,1,,15,,GOOD
069791_03M51.jpg,69791,3,B,1,,35,,GOOD
315944_00M31.jpg,315944,0,B,1,,15,,GOOD
048791_00M51.jpg,48791,0,W,1,,35,,GOOD
205117_02F31.jpg,205117,2,B,-1,,15,,GOOD
324260_02M41.jpg,324260,2,W,1,,25,,GOOD
160761_00M31.jpg,160761,0,B,1,,15,,GOOD
065955_7M46.jpg,65955,7,B,1,,30,,GOOD
297650_00F46.jpg,297650,0,W,-1,,30,,GOOD
090178_3M51.jpg,90178,3,B,1,,35,,GOOD
331673_02M31.jpg,331673,2,B,1,,15,,GOOD
099692_3M36.jpg,99692,3,B,1,,20,,GOOD
132745_3M31.jpg,132745,3,B,1,,15,,GOOD
108411_1M46.jpg,108411,1,B,1,,30,,GOOD
041673_2M51.jpg,41673,2,B,1,,35,,GOOD
123627_0M31.jpg,123627,0,W,1,,15,,GOOD
077507_05M46.jpg,77507,5,B,1,,30,,GOOD
316612_02M31.jpg,316612,2,B,1,,15,,GOOD
075391_3M46.jpg,75391,3,B,1,,30,,GOOD
307434_06F36.jpg,307434,6,B,-1,,20,,GOOD
169859_01M31.jpg,169859,1,B,1,,15,,GOOD
179756_02M46.jpg,179756,2,B,1,,30,,GOOD
052327_4M46.jpg,52327,4,W,1,,30,,GOOD
057025_02M46.jpg,57025,2,B,1,,30,,GOOD
102547_0M51.jpg,102547,0,B,1,,35,,GOOD
099280_1M36.jpg,99280,1,B,1,,20,,GOOD
073946_2M46.jpg,73946,2,B,1,,30,,GOOD
206688_03F36.jpg,206688,3,W,-1,,20,,GOOD
322935_00M36.jpg,322935,0,B,1,,20,,GOOD
055203_00M46.jpg,55203,0,B,1,,30,,GOOD
207735_03M41.jpg,207735,3,B,1,,25,,GOOD
109347_1M31.jpg,109347,1,B,1,,15,,GOOD
134210_26M41.jpg,134210,26,B,1,,25,,GOOD
103029_05M36.jpg,103029,5,B,1,,20,,GOOD
266401_01M41.jpg,266401,1,B,1,,25,,GOOD
076678_3F41.jpg,76678,3,W,-1,,25,,GOOD
261143_01M31.jpg,261143,1,B,1,,15,,GOOD
056968_05F51.jpg,56968,5,B,-1,,35,,GOOD
134577_0F31.jpg,134577,0,B,-1,,15,,GOOD
068455_5M41.jpg,68455,5,B,1,,25,,GOOD
063189_2M41.jpg,63189,2,B,1,,25,,GOOD
052362_1F46.jpg,52362,1,B,-1,,30,,GOOD
056394_2M46.jpg,56394,2,W,1,,30,,GOOD
136193_4M41.jpg,136193,4,B,1,,25,,GOOD
178695_00F36.jpg,178695,0,B,-1,,20,,GOOD
076902_2M36.jpg,76902,2,B,1,,20,,GOOD
260710_19M51.jpg,260710,19,W,1,,35,,GOOD
061306_0M41.jpg,61306,0,B,1,,25,,GOOD
250896_03M51.jpg,250896,3,B,1,,35,,GOOD
090667_03M36.jpg,90667,3,W,1,,20,,GOOD
087970_6F46.jpg,87970,6,W,-1,,30,,GOOD
035708_02M56.jpg,35708,2,B,1,,40,,GOOD
094195_3M41.jpg,94195,3,W,1,,25,,GOOD
074734_0M41.jpg,74734,0,W,1,,25,,GOOD
240889_02M36.jpg,240889,2,B,1,,20,,GOOD
138671_2M31.jpg,138671,2,B,1,,15,,GOOD
042876_0M51.jpg,42876,0,B,1,,35,,GOOD
168494_00M31.jpg,168494,0,B,1,,15,,GOOD
065527_00M46.jpg,65527,0,W,1,,30,,GOOD
055354_2M41.jpg,55354,2,B,1,,25,,GOOD
051075_0M46.jpg,51075,0,B,1,,30,,GOOD
062506_2M41.jpg,62506,2,W,1,,25,,GOOD
309590_05M51.jpg,309590,5,B,1,,35,,GOOD
324626_00M51.jpg,324626,0,B,1,,35,,GOOD
158579_01F41.jpg,158579,1,W,-1,,25,,GOOD
081889_1M41.jpg,81889,1,B,1,,25,,GOOD
085184_01F46.jpg,85184,1,B,-1,,30,,GOOD
095776_02M36.jpg,95776,2,W,1,,20,,GOOD
109438_01M36.jpg,109438,1,B,1,,20,,GOOD
240394_01M46.jpg,240394,1,W,1,,30,,GOOD
315990_02F36.jpg,315990,2,W,-1,,20,,GOOD
108007_5F36.jpg,108007,5,B,-1,,20,,GOOD
117843_4M46.jpg,117843,4,W,1,,30,,GOOD
111931_0M36.jpg,111931,0,W,1,,20,,GOOD
111449_06F36.jpg,111449,6,B,-1,,20,,GOOD
187925_02M36.jpg,187925,2,B,1,,20,,GOOD
303791_02M31.jpg,303791,2,B,1,,15,,GOOD
122122_9M46.jpg,122122,9,B,1,,30,,GOOD
164957_04M31.jpg,164957,4,B,1,,15,,GOOD
125415_4M46.jpg,125415,4,B,1,,30,,GOOD
170675_00F31.jpg,170675,0,B,-1,,15,,GOOD
110955_11M41.jpg,110955,11,B,1,,25,,GOOD
334117_00M41.jpg,334117,0,W,1,,25,,GOOD
106615_02M56.jpg,106615,2,B,1,,40,,GOOD
092829_11M36.jpg,92829,11,B,1,,20,,GOOD
053653_4M46.jpg,53653,4,W,1,,30,,GOOD
298608_01M36.jpg,298608,1,B,1,,20,,GOOD
320417_00M31.jpg,320417,0,B,1,,15,,GOOD
119373_04M36.jpg,119373,4,B,1,,20,,GOOD
332434_00M41.jpg,332434,0,B,1,,25,,GOOD
048000_2M46.jpg,48000,2,B,1,,30,,GOOD
096322_1M41.jpg,96322,1,W,1,,25,,GOOD
275165_01M46.jpg,275165,1,B,1,,30,,GOOD
189457_01M31.jpg,189457,1,B,1,,15,,GOOD
068158_12M41.jpg,68158,12,B,1,,25,,GOOD
110955_10M41.jpg,110955,10,B,1,,25,,GOOD
197827_01M36.jpg,197827,1,W,1,,20,,GOOD
188746_11M36.jpg,188746,11,B,1,,20,,GOOD
306202_00M31.jpg,306202,0,W,1,,15,,GOOD
138692_07M51.jpg,138692,7,B,1,,35,,GOOD
065527_02M46.jpg,65527,2,W,1,,30,,GOOD
123257_4M36.jpg,123257,4,B,1,,20,,GOOD
113838_12M36.jpg,113838,12,B,1,,20,,GOOD
239219_02F46.jpg,239219,2,W,-1,,30,,GOOD
265847_02M51.jpg,265847,2,B,1,,35,,GOOD
052325_03M46.jpg,52325,3,B,1,,30,,GOOD
257540_04M36.jpg,257540,4,B,1,,20,,GOOD
257517_02F46.jpg,257517,2,W,-1,,30,,GOOD
224728_03M36.jpg,224728,3,B,1,,20,,GOOD
092198_1M41.jpg,92198,1,B,1,,25,,GOOD
298931_00M36.jpg,298931,0,B,1,,20,,GOOD
309590_07M51.jpg,309590,7,B,1,,35,,GOOD
130897_4M36.jpg,130897,4,B,1,,20,,GOOD
224161_00M36.jpg,224161,0,B,1,,20,,GOOD
075022_4M41.jpg,75022,4,B,1,,25,,GOOD
170981_00M36.jpg,170981,0,B,1,,20,,GOOD
177827_00M31.jpg,177827,0,B,1,,15,,GOOD
260710_29M51.jpg,260710,29,W,1,,35,,GOOD
121079_10M41.jpg,121079,10,B,1,,25,,GOOD
162983_02M31.jpg,162983,2,B,1,,15,,GOOD
171996_02M41.jpg,171996,2,B,1,,25,,GOOD
066324_2M51.jpg,66324,2,B,1,,35,,GOOD
117808_0M31.jpg,117808,0,B,1,,15,,GOOD
319847_00M41.jpg,319847,0,B,1,,25,,GOOD
070823_1M36.jpg,70823,1,B,1,,20,,GOOD
072177_2M36.jpg,72177,2,W,1,,20,,GOOD
268066_01F36.jpg,268066,1,H,-1,,20,,GOOD
071287_00F41.jpg,71287,0,B,-1,,25,,GOOD
069091_1M36.jpg,69091,1,B,1,,20,,GOOD
071073_02M51.jpg,71073,2,B,1,,35,,GOOD
084537_1F46.jpg,84537,1,W,-1,,30,,GOOD
140589_19M51.jpg,140589,19,W,1,,35,,GOOD
115853_06M36.jpg,115853,6,B,1,,20,,GOOD
328226_02M36.jpg,328226,2,B,1,,20,,GOOD
243250_02F36.jpg,243250,2,B,-1,,20,,GOOD
083494_14M36.jpg,83494,14,B,1,,20,,GOOD
260313_03F36.jpg,260313,3,W,-1,,20,,GOOD
157234_00M31.jpg,157234,0,B,1,,15,,GOOD
120791_0M41.jpg,120791,0,B,1,,25,,GOOD
300327_02F36.jpg,300327,2,B,-1,,20,,GOOD
326296_01M31.jpg,326296,1,B,1,,15,,GOOD
175524_01F31.jpg,175524,1,B,-1,,15,,GOOD
134362_1M41.jpg,134362,1,B,1,,25,,GOOD
128680_05M41.jpg,128680,5,B,1,,25,,GOOD
071121_0M41.jpg,71121,0,B,1,,25,,GOOD
084621_1M36.jpg,84621,1,W,1,,20,,GOOD
342397_02M36.jpg,342397,2,B,1,,20,,GOOD
052469_02M46.jpg,52469,2,B,1,,30,,GOOD
173917_03M31.jpg,173917,3,B,1,,15,,GOOD
038059_1M51.jpg,38059,1,B,1,,35,,GOOD
187537_02M46.jpg,187537,2,W,1,,30,,GOOD
277233_01M51.jpg,277233,1,B,1,,35,,GOOD
160157_01M31.jpg,160157,1,B,1,,15,,GOOD
093371_4M36.jpg,93371,4,B,1,,20,,GOOD
078342_3F41.jpg,78342,3,W,-1,,25,,GOOD
120473_1F36.jpg,120473,1,W,-1,,20,,GOOD
120204_0M36.jpg,120204,0,W,1,,20,,GOOD
219766_02F31.jpg,219766,2,B,-1,,15,,GOOD
065649_1M46.jpg,65649,1,B,1,,30,,GOOD
052346_1M46.jpg,52346,1,B,1,,30,,GOOD
319565_01F56.jpg,319565,1,W,-1,,40,,GOOD
063874_7M46.jpg,63874,7,B,1,,30,,GOOD
047976_0M51.jpg,47976,0,B,1,,35,,GOOD
052819_04F46.jpg,52819,4,W,-1,,30,,GOOD
196781_07M46.jpg,196781,7,B,1,,30,,GOOD
044653_7M46.jpg,44653,7,B,1,,30,,GOOD
098535_0M56.jpg,98535,0,B,1,,40,,GOOD
299006_03M41.jpg,299006,3,B,1,,25,,GOOD
130998_05M36.jpg,130998,5,B,1,,20,,GOOD
040025_0M51.jpg,40025,0,B,1,,35,,GOOD
039262_0M51.jpg,39262,0,B,1,,35,,GOOD
080076_1M41.jpg,80076,1,B,1,,25,,GOOD
051768_3M46.jpg,51768,3,W,1,,30,,GOOD
302744_01M31.jpg,302744,1,B,1,,15,,GOOD
132638_09M36.jpg,132638,9,B,1,,20,,GOOD
060814_4M41.jpg,60814,4,B,1,,25,,GOOD
121079_7M41.jpg,121079,7,B,1,,25,,GOOD
172503_02M31.jpg,172503,2,B,1,,15,,GOOD
064590_04M41.jpg,64590,4,B,1,,25,,GOOD
049193_03M56.jpg,49193,3,W,1,,40,,GOOD
134107_09M36.jpg,134107,9,B,1,,20,,GOOD
344804_00M46.jpg,344804,0,B,1,,30,,GOOD
086574_4F36.jpg,86574,4,B,-1,,20,,GOOD
305277_09M41.jpg,305277,9,B,1,,25,,GOOD
063189_1M41.jpg,63189,1,B,1,,25,,GOOD
239219_04F46.jpg,239219,4,W,-1,,30,,GOOD
107520_1M41.jpg,107520,1,W,1,,25,,GOOD
132000_1M31.jpg,132000,1,B,1,,15,,GOOD
228513_03M36.jpg,228513,3,B,1,,20,,GOOD
210905_03F41.jpg,210905,3,B,-1,,25,,GOOD
114017_05M36.jpg,114017,5,B,1,,20,,GOOD
290571_01F46.jpg,290571,1,W,-1,,30,,GOOD
207034_01M41.jpg,207034,1,B,1,,25,,GOOD
056603_0F51.jpg,56603,0,B,-1,,35,,GOOD
094944_0M51.jpg,94944,0,B,1,,35,,GOOD
298909_02M41.jpg,298909,2,W,1,,25,,GOOD
334043_02M41.jpg,334043,2,B,1,,25,,GOOD
119481_7M36.jpg,119481,7,W,1,,20,,GOOD
092198_2M41.jpg,92198,2,B,1,,25,,GOOD
058068_2M41.jpg,58068,2,B,1,,25,,GOOD
083266_1F41.jpg,83266,1,W,-1,,25,,GOOD
119320_01M46.jpg,119320,1,W,1,,30,,GOOD
043296_05M51.jpg,43296,5,B,1,,35,,GOOD
210693_00F36.jpg,210693,0,W,-1,,20,,GOOD
136287_3M46.jpg,136287,3,B,1,,30,,GOOD
217188_01M36.jpg,217188,1,W,1,,20,,GOOD
330122_03F31.jpg,330122,3,W,-1,,15,,GOOD
093209_1M36.jpg,93209,1,B,1,,20,,GOOD
325661_03M36.jpg,325661,3,W,1,,20,,GOOD
260710_26M51.jpg,260710,26,W,1,,35,,GOOD
177568_01M41.jpg,177568,1,B,1,,25,,GOOD
046970_0M46.jpg,46970,0,W,1,,30,,GOOD
095947_03M41.jpg,95947,3,B,1,,25,,GOOD
049277_4M51.jpg,49277,4,B,1,,35,,GOOD
197460_03F36.jpg,197460,3,B,-1,,20,,GOOD
124318_1M36.jpg,124318,1,B,1,,20,,GOOD
119373_03M36.jpg,119373,3,B,1,,20,,GOOD
127291_0F41.jpg,127291,0,B,-1,,25,,GOOD
187879_05M31.jpg,187879,5,B,1,,15,,GOOD
042830_0M51.jpg,42830,0,B,1,,35,,GOOD
065955_9M46.jpg,65955,9,B,1,,30,,GOOD
104178_0M36.jpg,104178,0,B,1,,20,,GOOD
241139_03M36.jpg,241139,3,B,1,,20,,GOOD
107251_0F41.jpg,107251,0,B,-1,,25,,GOOD
131174_3M41.jpg,131174,3,B,1,,25,,GOOD
076181_38M36.jpg,76181,38,B,1,,20,,GOOD
077628_2F41.jpg,77628,2,B,-1,,25,,GOOD
348676_02M31.jpg,348676,2,B,1,,15,,GOOD
069601_5M41.jpg,69601,5,B,1,,25,,GOOD
100089_0M41.jpg,100089,0,B,1,,25,,GOOD
293918_00M41.jpg,293918,0,W,1,,25,,GOOD
105342_21M46.jpg,105342,21,W,1,,30,,GOOD
129580_5M31.jpg,129580,5,W,1,,15,,GOOD
060771_06M46.jpg,60771,6,W,1,,30,,GOOD
107682_1M36.jpg,107682,1,B,1,,20,,GOOD
153641_01M31.jpg,153641,1,B,1,,15,,GOOD
191027_00M36.jpg,191027,0,B,1,,20,,GOOD
104821_02F36.jpg,104821,2,W,-1,,20,,GOOD
150034_08M51.jpg,150034,8,B,1,,35,,GOOD
094944_1M51.jpg,94944,1,B,1,,35,,GOOD
231783_02F31.jpg,231783,2,W,-1,,15,,GOOD
122682_2M36.jpg,122682,2,W,1,,20,,GOOD
073235_0M36.jpg,73235,0,B,1,,20,,GOOD
250205_03F46.jpg,250205,3,W,-1,,30,,GOOD
321635_05M46.jpg,321635,5,B,1,,30,,GOOD
080855_01M46.jpg,80855,1,B,1,,30,,GOOD
054701_0M41.jpg,54701,0,B,1,,25,,GOOD
058418_2M41.jpg,58418,2,B,1,,25,,GOOD
112583_01M36.jpg,112583,1,B,1,,20,,GOOD
110835_04M36.jpg,110835,4,B,1,,20,,GOOD
071531_3M41.jpg,71531,3,B,1,,25,,GOOD
051922_4M46.jpg,51922,4,B,1,,30,,GOOD
181944_04M31.jpg,181944,4,B,1,,15,,GOOD
106450_06M41.jpg,106450,6,B,1,,25,,GOOD
115765_03M36.jpg,115765,3,B,1,,20,,GOOD
132129_07F36.jpg,132129,7,B,-1,,20,,GOOD
160203_03M31.jpg,160203,3,W,1,,15,,GOOD
071557_05M41.jpg,71557,5,W,1,,25,,GOOD
121429_0M36.jpg,121429,0,B,1,,20,,GOOD
133939_02M36.jpg,133939,2,W,1,,20,,GOOD
076853_0M36.jpg,76853,0,B,1,,20,,GOOD
032475_0M56.jpg,32475,0,B,1,,40,,GOOD
121260_02M41.jpg,121260,2,W,1,,25,,GOOD
332206_04M31.jpg,332206,4,W,1,,15,,GOOD
121079_9M41.jpg,121079,9,B,1,,25,,GOOD
319317_06M31.jpg,319317,6,H,1,,15,,GOOD
144686_02M36.jpg,144686,2,B,1,,20,,GOOD
137173_0M36.jpg,137173,0,B,1,,20,,GOOD
073258_00M41.jpg,73258,0,B,1,,25,,GOOD
071802_06M46.jpg,71802,6,B,1,,30,,GOOD
086285_4M36.jpg,86285,4,B,1,,20,,GOOD
058464_5M46.jpg,58464,5,B,1,,30,,GOOD
071802_03M46.jpg,71802,3,B,1,,30,,GOOD
164843_00M31.jpg,164843,0,B,1,,15,,GOOD
132745_1M31.jpg,132745,1,B,1,,15,,GOOD
139586_00M31.jpg,139586,0,B,1,,15,,GOOD
135151_0M51.jpg,135151,0,W,1,,35,,GOOD
087231_7M41.jpg,87231,7,B,1,,25,,GOOD
138308_1M46.jpg,138308,1,W,1,,30,,GOOD
333086_01F41.jpg,333086,1,W,-1,,25,,GOOD
088607_17M36.jpg,88607,17,B,1,,20,,GOOD
052179_01M46.jpg,52179,1,B,1,,30,,GOOD
320483_02M31.jpg,320483,2,H,1,,15,,GOOD
140589_20M51.jpg,140589,20,W,1,,35,,GOOD
165153_03M31.jpg,165153,3,B,1,,15,,GOOD
120473_0F36.jpg,120473,0,W,-1,,20,,GOOD
061370_5F56.jpg,61370,5,B,-1,,40,,GOOD
106776_3F36.jpg,106776,3,B,-1,,20,,GOOD
101758_00M46.jpg,101758,0,B,1,,30,,GOOD
049995_02M46.jpg,49995,2,B,1,,30,,GOOD
042311_1M51.jpg,42311,1,B,1,,35,,GOOD
285001_04F46.jpg,285001,4,B,-1,,30,,GOOD
103847_2M41.jpg,103847,2,B,1,,25,,GOOD
118204_06F41.jpg,118204,6,B,-1,,25,,GOOD
320464_01M46.jpg,320464,1,B,1,,30,,GOOD
139093_01M51.jpg,139093,1,B,1,,35,,GOOD
109987_2M36.jpg,109987,2,B,1,,20,,GOOD
055354_1M41.jpg,55354,1,B,1,,25,,GOOD
067247_1M41.jpg,67247,1,B,1,,25,,GOOD
342500_00M31.jpg,342500,0,B,1,,15,,GOOD
062276_15M46.jpg,62276,15,B,1,,30,,GOOD
148038_01M31.jpg,148038,1,W,1,,15,,GOOD
306063_02F56.jpg,306063,2,B,-1,,40,,GOOD
051871_0F46.jpg,51871,0,B,-1,,30,,GOOD
119657_1M31.jpg,119657,1,B,1,,15,,GOOD
174580_09M31.jpg,174580,9,B,1,,15,,GOOD
079214_3M36.jpg,79214,3,B,1,,20,,GOOD
108686_08M46.jpg,108686,8,B,1,,30,,GOOD
090257_3M51.jpg,90257,3,O,1,,35,,GOOD
134107_08M36.jpg,134107,8,B,1,,20,,GOOD
134096_03M36.jpg,134096,3,B,1,,20,,GOOD
244433_01M51.jpg,244433,1,B,1,,35,,GOOD
265137_02F36.jpg,265137,2,B,-1,,20,,GOOD
064053_0M41.jpg,64053,0,B,1,,25,,GOOD
051110_2M51.jpg,51110,2,B,1,,35,,GOOD
079855_0F36.jpg,79855,0,W,-1,,20,,GOOD
120896_02M36.jpg,120896,2,W,1,,20,,GOOD
076181_28M36.jpg,76181,28,B,1,,20,,GOOD
047712_1M46.jpg,47712,1,B,1,,30,,GOOD
072311_2F36.jpg,72311,2,B,-1,,20,,GOOD
138387_3M51.jpg,138387,3,B,1,,35,,GOOD
118198_09M41.jpg,118198,9,B,1,,25,,GOOD
176332_01M36.jpg,176332,1,B,1,,20,,GOOD
121526_03M36.jpg,121526,3,B,1,,20,,GOOD
300849_00M41.jpg,300849,0,B,1,,25,,GOOD
158639_00M51.jpg,158639,0,B,1,,35,,GOOD
133776_0M31.jpg,133776,0,W,1,,15,,GOOD
210905_05F41.jpg,210905,5,B,-1,,25,,GOOD
159726_04M41.jpg,159726,4,B,1,,25,,GOOD
231566_00M41.jpg,231566,0,B,1,,25,,GOOD
269512_00M36.jpg,269512,0,H,1,,20,,GOOD
206940_03F41.jpg,206940,3,B,-1,,25,,GOOD
070756_0F41.jpg,70756,0,W,-1,,25,,GOOD
047840_2F56.jpg,47840,2,W,-1,,40,,GOOD
132516_1M31.jpg,132516,1,B,1,,15,,GOOD
056501_1M46.jpg,56501,1,B,1,,30,,GOOD
138539_0M36.jpg,138539,0,B,1,,20,,GOOD
061692_6M41.jpg,61692,6,W,1,,25,,GOOD
049942_3M46.jpg,49942,3,B,1,,30,,GOOD
101020_02M56.jpg,101020,2,B,1,,40,,GOOD
134247_0M31.jpg,134247,0,W,1,,15,,GOOD
052469_01M46.jpg,52469,1,B,1,,30,,GOOD
246125_02M41.jpg,246125,2,W,1,,25,,GOOD
290571_02F46.jpg,290571,2,W,-1,,30,,GOOD
334746_01F31.jpg,334746,1,W,-1,,15,,GOOD
090271_4M36.jpg,90271,4,B,1,,20,,GOOD
124179_02M46.jpg,124179,2,B,1,,30,,GOOD
070226_04M41.jpg,70226,4,B,1,,25,,GOOD
103069_1M41.jpg,103069,1,B,1,,25,,GOOD
169775_03M31.jpg,169775,3,B,1,,15,,GOOD
086345_02M41.jpg,86345,2,B,1,,25,,GOOD
324783_03M31.jpg,324783,3,B,1,,15,,GOOD
296085_13M51.jpg,296085,13,B,1,,35,,GOOD
282932_00F46.jpg,282932,0,B,-1,,30,,GOOD
114931_07M36.jpg,114931,7,B,1,,20,,GOOD
175110_00F31.jpg,175110,0,B,-1,,15,,GOOD
174774_01M31.jpg,174774,1,B,1,,15,,GOOD
120795_2M36.jpg,120795,2,B,1,,20,,GOOD
071289_0M41.jpg,71289,0,W,1,,25,,GOOD
217188_00M36.jpg,217188,0,B,1,,20,,GOOD
060818_2M41.jpg,60818,2,B,1,,25,,GOOD
133386_02M36.jpg,133386,2,B,1,,20,,GOOD
035400_03M56.jpg,35400,3,B,1,,40,,GOOD
110930_02F41.jpg,110930,2,B,-1,,25,,GOOD
256330_07F36.jpg,256330,7,B,-1,,20,,GOOD
030091_1M56.jpg,30091,1,B,1,,40,,GOOD
130655_1M31.jpg,130655,1,W,1,,15,,GOOD
330157_01M31.jpg,330157,1,A,1,,15,,GOOD
093548_3M41.jpg,93548,3,B,1,,25,,GOOD
188808_01F36.jpg,188808,1,W,-1,,20,,GOOD
077309_05M46.jpg,77309,5,B,1,,30,,GOOD
112380_4M41.jpg,112380,4,B,1,,25,,GOOD
104893_09M36.jpg,104893,9,B,1,,20,,GOOD
092189_04M41.jpg,92189,4,B,1,,25,,GOOD
063829_0M41.jpg,63829,0,B,1,,25,,GOOD
342500_02M31.jpg,342500,2,B,1,,15,,GOOD
319490_08M36.jpg,319490,8,H,1,,20,,GOOD
050188_01F46.jpg,50188,1,B,-1,,30,,GOOD
045318_0M51.jpg,45318,0,B,1,,35,,GOOD
309589_00F41.jpg,309589,0,B,-1,,25,,GOOD
196440_01M31.jpg,196440,1,B,1,,15,,GOOD
108771_2M36.jpg,108771,2,B,1,,20,,GOOD
132829_10M36.jpg,132829,10,B,1,,20,,GOOD
193665_00M36.jpg,193665,0,B,1,,20,,GOOD
323945_03M51.jpg,323945,3,B,1,,35,,GOOD
200837_07F46.jpg,200837,7,B,-1,,30,,GOOD
229979_05F36.jpg,229979,5,B,-1,,20,,GOOD
040198_10F51.jpg,40198,10,B,-1,,35,,GOOD
222584_03M46.jpg,222584,3,B,1,,30,,GOOD
126463_02M36.jpg,126463,2,B,1,,20,,GOOD
336946_00M31.jpg,336946,0,B,1,,15,,GOOD
129303_02M36.jpg,129303,2,B,1,,20,,GOOD
085135_02M41.jpg,85135,2,W,1,,25,,GOOD
135805_1M36.jpg,135805,1,B,1,,20,,GOOD
121180_0M46.jpg,121180,0,W,1,,30,,GOOD
156550_07M36.jpg,156550,7,B,1,,20,,GOOD
099119_0M36.jpg,99119,0,B,1,,20,,GOOD
063020_1M41.jpg,63020,1,W,1,,25,,GOOD
119946_1F36.jpg,119946,1,W,-1,,20,,GOOD
133679_01M36.jpg,133679,1,W,1,,20,,GOOD
117111_03M36.jpg,117111,3,B,1,,20,,GOOD
321031_03M46.jpg,321031,3,W,1,,30,,GOOD
037710_1M51.jpg,37710,1,B,1,,35,,GOOD
159740_02M31.jpg,159740,2,B,1,,15,,GOOD
132823_3M31.jpg,132823,3,B,1,,15,,GOOD
230423_05F36.jpg,230423,5,W,-1,,20,,GOOD
090340_0F36.jpg,90340,0,B,-1,,20,,GOOD
240806_00M46.jpg,240806,0,W,1,,30,,GOOD
138249_1M46.jpg,138249,1,B,1,,30,,GOOD
058068_4M41.jpg,58068,4,B,1,,25,,GOOD
158064_01M31.jpg,158064,1,B,1,,15,,GOOD
273426_01M41.jpg,273426,1,B,1,,25,,GOOD
057002_2M46.jpg,57002,2,B,1,,30,,GOOD
316290_01M46.jpg,316290,1,B,1,,30,,GOOD
122732_1M36.jpg,122732,1,B,1,,20,,GOOD
050524_04M51.jpg,50524,4,B,1,,35,,GOOD
165453_01M41.jpg,165453,1,B,1,,25,,GOOD
162310_04F46.jpg,162310,4,B,-1,,30,,GOOD
216418_01M36.jpg,216418,1,B,1,,20,,GOOD
076585_4M36.jpg,76585,4,B,1,,20,,GOOD
334292_03M31.jpg,334292,3,W,1,,15,,GOOD
141556_02M36.jpg,141556,2,W,1,,20,,GOOD
096048_0M46.jpg,96048,0,B,1,,30,,GOOD
184534_01M31.jpg,184534,1,W,1,,15,,GOOD
093482_0M51.jpg,93482,0,B,1,,35,,GOOD
052033_3M46.jpg,52033,3,B,1,,30,,GOOD
122661_0M31.jpg,122661,0,B,1,,15,,GOOD
054943_1M41.jpg,54943,1,B,1,,25,,GOOD
115450_2M36.jpg,115450,2,B,1,,20,,GOOD
152856_00M51.jpg,152856,0,B,1,,35,,GOOD
109025_0M41.jpg,109025,0,B,1,,25,,GOOD
153735_02M31.jpg,153735,2,B,1,,15,,GOOD
316464_02M31.jpg,316464,2,W,1,,15,,GOOD
059477_1M46.jpg,59477,1,B,1,,30,,GOOD
159218_01F41.jpg,159218,1,B,-1,,25,,GOOD
238011_02M41.jpg,238011,2,W,1,,25,,GOOD
327485_01M36.jpg,327485,1,B,1,,20,,GOOD
265137_01F36.jpg,265137,1,B,-1,,20,,GOOD
076181_34M36.jpg,76181,34,B,1,,20,,GOOD
115143_04M36.jpg,115143,4,W,1,,20,,GOOD
264060_01M36.jpg,264060,1,B,1,,20,,GOOD
165590_03M31.jpg,165590,3,B,1,,15,,GOOD
131553_15M41.jpg,131553,15,B,1,,25,,GOOD
182550_03M31.jpg,182550,3,W,1,,15,,GOOD
038317_4M51.jpg,38317,4,B,1,,35,,GOOD
173917_05M31.jpg,173917,5,B,1,,15,,GOOD
258051_04M41.jpg,258051,4,B,1,,25,,GOOD
110194_05M36.jpg,110194,5,B,1,,20,,GOOD
099573_2M51.jpg,99573,2,B,1,,35,,GOOD
306063_04F56.jpg,306063,4,B,-1,,40,,GOOD
082364_4M51.jpg,82364,4,W,1,,35,,GOOD
099692_4M36.jpg,99692,4,B,1,,20,,GOOD
119390_3F36.jpg,119390,3,B,-1,,20,,GOOD
136137_1M41.jpg,136137,1,B,1,,25,,GOOD
133124_2F31.jpg,133124,2,B,-1,,15,,GOOD
130630_24M46.jpg,130630,24,W,1,,30,,GOOD
041163_2M51.jpg,41163,2,B,1,,35,,GOOD
060884_3M41.jpg,60884,3,W,1,,25,,GOOD
118605_2M31.jpg,118605,2,W,1,,15,,GOOD
326280_03M36.jpg,326280,3,B,1,,20,,GOOD
053497_2M51.jpg,53497,2,B,1,,35,,GOOD
053976_02M51.jpg,53976,2,B,1,,35,,GOOD
066648_0M51.jpg,66648,0,B,1,,35,,GOOD
080829_0M41.jpg,80829,0,B,1,,25,,GOOD
100967_0F41.jpg,100967,0,B,-1,,25,,GOOD
071289_1M41.jpg,71289,1,W,1,,25,,GOOD
053497_0M51.jpg,53497,0,B,1,,35,,GOOD
082366_3M36.jpg,82366,3,B,1,,20,,GOOD
062276_19M46.jpg,62276,19,B,1,,30,,GOOD
088082_4M36.jpg,88082,4,B,1,,20,,GOOD
043588_1M51.jpg,43588,1,B,1,,35,,GOOD
056485_1F46.jpg,56485,1,B,-1,,30,,GOOD
058231_3M41.jpg,58231,3,W,1,,25,,GOOD
118377_05M36.jpg,118377,5,B,1,,20,,GOOD
070815_5M51.jpg,70815,5,B,1,,35,,GOOD
062655_1M46.jpg,62655,1,B,1,,30,,GOOD
053278_0M46.jpg,53278,0,B,1,,30,,GOOD
119828_0M56.jpg,119828,0,B,1,,40,,GOOD
090603_0M36.jpg,90603,0,B,1,,20,,GOOD
079420_0M36.jpg,79420,0,B,1,,20,,GOOD
131309_1M31.jpg,131309,1,B,1,,15,,GOOD
256330_04F36.jpg,256330,4,B,-1,,20,,GOOD
090700_5M41.jpg,90700,5,W,1,,25,,GOOD
173642_06M36.jpg,173642,6,W,1,,20,,GOOD
099776_2F36.jpg,99776,2,B,-1,,20,,GOOD
231609_01F41.jpg,231609,1,B,-1,,25,,GOOD
126463_03M36.jpg,126463,3,B,1,,20,,GOOD
154854_00M36.jpg,154854,0,B,1,,20,,GOOD
157843_01F36.jpg,157843,1,W,-1,,20,,GOOD
115761_1M41.jpg,115761,1,B,1,,25,,GOOD
316660_00F31.jpg,316660,0,B,-1,,15,,GOOD
101193_0M36.jpg,101193,0,B,1,,20,,GOOD
131731_05M36.jpg,131731,5,W,1,,20,,GOOD
280808_02M36.jpg,280808,2,B,1,,20,,GOOD
174800_00M36.jpg,174800,0,W,1,,20,,GOOD
079855_02F41.jpg,79855,2,W,-1,,25,,GOOD
060736_0M41.jpg,60736,0,B,1,,25,,GOOD
165070_01M31.jpg,165070,1,B,1,,15,,GOOD
320453_02M41.jpg,320453,2,B,1,,25,,GOOD
063804_7M41.jpg,63804,7,B,1,,25,,GOOD
060639_0M51.jpg,60639,0,W,1,,35,,GOOD
210982_08M31.jpg,210982,8,B,1,,15,,GOOD
239288_00M31.jpg,239288,0,B,1,,15,,GOOD
326737_01M36.jpg,326737,1,B,1,,20,,GOOD
294233_02M51.jpg,294233,2,B,1,,35,,GOOD
063653_2F51.jpg,63653,2,B,-1,,35,,GOOD
044653_1M46.jpg,44653,1,B,1,,30,,GOOD
318544_06M36.jpg,318544,6,B,1,,20,,GOOD
270065_00M31.jpg,270065,0,B,1,,15,,GOOD
156177_00M31.jpg,156177,0,B,1,,15,,GOOD
157214_02M36.jpg,157214,2,W,1,,20,,GOOD
306123_04M31.jpg,306123,4,B,1,,15,,GOOD
250555_02M46.jpg,250555,2,B,1,,30,,GOOD
063874_8M46.jpg,63874,8,B,1,,30,,GOOD
195723_00M36.jpg,195723,0,B,1,,20,,GOOD
182424_01M31.jpg,182424,1,B,1,,15,,GOOD
314122_01M51.jpg,314122,1,B,1,,35,,GOOD
168960_01F36.jpg,168960,1,B,-1,,20,,GOOD
115850_2M36.jpg,115850,2,B,1,,20,,GOOD
322333_00M31.jpg,322333,0,W,1,,15,,GOOD
298608_04M36.jpg,298608,4,B,1,,20,,GOOD
115714_0M31.jpg,115714,0,B,1,,15,,GOOD
043776_3M51.jpg,43776,3,B,1,,35,,GOOD
100560_1M36.jpg,100560,1,B,1,,20,,GOOD
060506_1M41.jpg,60506,1,W,1,,25,,GOOD
160176_02M31.jpg,160176,2,B,1,,15,,GOOD
049428_7M46.jpg,49428,7,B,1,,30,,GOOD
175211_00F31.jpg,175211,0,B,-1,,15,,GOOD
065369_2F41.jpg,65369,2,W,-1,,25,,GOOD
073717_2M41.jpg,73717,2,B,1,,25,,GOOD
243460_00M41.jpg,243460,0,B,1,,25,,GOOD
104121_6M36.jpg,104121,6,B,1,,20,,GOOD
126119_2M36.jpg,126119,2,B,1,,20,,GOOD
264434_04M31.jpg,264434,4,H,1,,15,,GOOD
239219_01F46.jpg,239219,1,W,-1,,30,,GOOD
303766_02M36.jpg,303766,2,B,1,,20,,GOOD
311685_01F36.jpg,311685,1,W,-1,,20,,GOOD
260881_00M41.jpg,260881,0,B,1,,25,,GOOD
323105_01M31.jpg,323105,1,W,1,,15,,GOOD
165765_00F36.jpg,165765,0,W,-1,,20,,GOOD
093973_4M41.jpg,93973,4,B,1,,25,,GOOD
154098_00M31.jpg,154098,0,B,1,,15,,GOOD
132320_4M36.jpg,132320,4,W,1,,20,,GOOD
058953_4M41.jpg,58953,4,B,1,,25,,GOOD
243250_04F36.jpg,243250,4,B,-1,,20,,GOOD
171640_00M41.jpg,171640,0,B,1,,25,,GOOD
229042_05M46.jpg,229042,5,B,1,,30,,GOOD
209254_01M41.jpg,209254,1,W,1,,25,,GOOD
149616_01M31.jpg,149616,1,B,1,,15,,GOOD
202550_08M31.jpg,202550,8,B,1,,15,,GOOD
046359_3M46.jpg,46359,3,W,1,,30,,GOOD
104660_01M51.jpg,104660,1,B,1,,35,,GOOD
279580_07F31.jpg,279580,7,W,-1,,15,,GOOD
133075_4F41.jpg,133075,4,W,-1,,25,,GOOD
130402_03M36.jpg,130402,3,W,1,,20,,GOOD
241139_00M36.jpg,241139,0,B,1,,20,,GOOD
102863_05M36.jpg,102863,5,B,1,,20,,GOOD
292423_10F36.jpg,292423,10,B,-1,,20,,GOOD
249919_00M41.jpg,249919,0,W,1,,25,,GOOD
068480_6M46.jpg,68480,6,B,1,,30,,GOOD
094353_3M36.jpg,94353,3,B,1,,20,,GOOD
131274_22M36.jpg,131274,22,B,1,,20,,GOOD
306193_02M36.jpg,306193,2,B,1,,20,,GOOD
048604_1M46.jpg,48604,1,B,1,,30,,GOOD
118318_1M51.jpg,118318,1,B,1,,35,,GOOD
327585_07F31.jpg,327585,7,W,-1,,15,,GOOD
109132_0M46.jpg,109132,0,B,1,,30,,GOOD
333687_02M41.jpg,333687,2,B,1,,25,,GOOD
174228_02M31.jpg,174228,2,B,1,,15,,GOOD
044242_0M46.jpg,44242,0,B,1,,30,,GOOD
174851_02F41.jpg,174851,2,B,-1,,25,,GOOD
290704_01M41.jpg,290704,1,W,1,,25,,GOOD
046909_0M46.jpg,46909,0,B,1,,30,,GOOD
174029_03M31.jpg,174029,3,B,1,,15,,GOOD
183140_01M31.jpg,183140,1,B,1,,15,,GOOD
103061_1M36.jpg,103061,1,B,1,,20,,GOOD
121590_03M36.jpg,121590,3,B,1,,20,,GOOD
239288_02M31.jpg,239288,2,B,1,,15,,GOOD
233419_01F46.jpg,233419,1,B,-1,,30,,GOOD
298608_03M36.jpg,298608,3,B,1,,20,,GOOD
108088_1M36.jpg,108088,1,B,1,,20,,GOOD
184172_02M31.jpg,184172,2,W,1,,15,,GOOD
049857_01M51.jpg,49857,1,W,1,,35,,GOOD
094318_02M36.jpg,94318,2,B,1,,20,,GOOD
258051_02M41.jpg,258051,2,B,1,,25,,GOOD
066648_1M51.jpg,66648,1,B,1,,35,,GOOD
177249_03F41.jpg,177249,3,W,-1,,25,,GOOD
056501_9M46.jpg,56501,9,B,1,,30,,GOOD
310979_01F41.jpg,310979,1,B,-1,,25,,GOOD
100205_2M36.jpg,100205,2,B,1,,20,,GOOD
072121_00M41.jpg,72121,0,W,1,,25,,GOOD
326296_00M31.jpg,326296,0,B,1,,15,,GOOD
110481_01F36.jpg,110481,1,B,-1,,20,,GOOD
248846_03M36.jpg,248846,3,W,1,,20,,GOOD
133294_2M36.jpg,133294,2,B,1,,20,,GOOD
246781_05M31.jpg,246781,5,B,1,,15,,GOOD
318317_00M41.jpg,318317,0,W,1,,25,,GOOD
129617_10M31.jpg,129617,10,W,1,,15,,GOOD
211109_00F31.jpg,211109,0,B,-1,,15,,GOOD
301353_01F36.jpg,301353,1,W,-1,,20,,GOOD
142665_00M46.jpg,142665,0,B,1,,30,,GOOD
050024_1M46.jpg,50024,1,B,1,,30,,GOOD
077298_5M51.jpg,77298,5,B,1,,35,,GOOD
086964_2M41.jpg,86964,2,B,1,,25,,GOOD
050732_4M46.jpg,50732,4,B,1,,30,,GOOD
081727_2M36.jpg,81727,2,B,1,,20,,GOOD
113621_0F36.jpg,113621,0,B,-1,,20,,GOOD
119481_9M36.jpg,119481,9,W,1,,20,,GOOD
171226_02M31.jpg,171226,2,B,1,,15,,GOOD
089052_2M46.jpg,89052,2,B,1,,30,,GOOD
180746_02M31.jpg,180746,2,B,1,,15,,GOOD
120907_2M41.jpg,120907,2,B,1,,25,,GOOD
334129_02M41.jpg,334129,2,B,1,,25,,GOOD
054868_0M51.jpg,54868,0,B,1,,35,,GOOD
076971_0M36.jpg,76971,0,B,1,,20,,GOOD
132745_5M31.jpg,132745,5,B,1,,15,,GOOD
235359_06F31.jpg,235359,6,B,-1,,15,,GOOD
087478_3M36.jpg,87478,3,W,1,,20,,GOOD
103069_0M41.jpg,103069,0,B,1,,25,,GOOD
090667_02M36.jpg,90667,2,W,1,,20,,GOOD
045346_1M51.jpg,45346,1,B,1,,35,,GOOD
073252_04M41.jpg,73252,4,B,1,,25,,GOOD
109122_2M36.jpg,109122,2,B,1,,20,,GOOD
308708_00M31.jpg,308708,0,W,1,,15,,GOOD
273353_02F31.jpg,273353,2,W,-1,,15,,GOOD
109021_03M36.jpg,109021,3,B,1,,20,,GOOD
063159_1M56.jpg,63159,1,W,1,,40,,GOOD
327892_03F36.jpg,327892,3,W,-1,,20,,GOOD
107297_8M36.jpg,107297,8,B,1,,20,,GOOD
296831_02F36.jpg,296831,2,B,-1,,20,,GOOD
058405_01M46.jpg,58405,1,B,1,,30,,GOOD
102831_05M36.jpg,102831,5,B,1,,20,,GOOD
236993_04M46.jpg,236993,4,B,1,,30,,GOOD
352736_00M31.jpg,352736,0,W,1,,15,,GOOD
248509_08M41.jpg,248509,8,B,1,,25,,GOOD
080090_2M36.jpg,80090,2,W,1,,20,,GOOD
119893_14M56.jpg,119893,14,W,1,,40,,GOOD
125566_01M36.jpg,125566,1,B,1,,20,,GOOD
125460_1M31.jpg,125460,1,B,1,,15,,GOOD
331279_00F36.jpg,331279,0,W,-1,,20,,GOOD
131274_17M36.jpg,131274,17,B,1,,20,,GOOD
067089_06M41.jpg,67089,6,B,1,,25,,GOOD
052469_00M46.jpg,52469,0,B,1,,30,,GOOD
041751_6M51.jpg,41751,6,W,1,,35,,GOOD
055842_02M46.jpg,55842,2,B,1,,30,,GOOD
130630_26M46.jpg,130630,26,W,1,,30,,GOOD
084808_0M46.jpg,84808,0,B,1,,30,,GOOD
148690_00M31.jpg,148690,0,B,1,,15,,GOOD
178806_02M36.jpg,178806,2,B,1,,20,,GOOD
071676_1M36.jpg,71676,1,B,1,,20,,GOOD
109603_0F36.jpg,109603,0,B,-1,,20,,GOOD
103664_8F36.jpg,103664,8,W,-1,,20,,GOOD
119732_1M31.jpg,119732,1,B,1,,15,,GOOD
133149_1M31.jpg,133149,1,B,1,,15,,GOOD
061002_7F46.jpg,61002,7,B,-1,,30,,GOOD
136993_4M31.jpg,136993,4,B,1,,15,,GOOD
213331_00M31.jpg,213331,0,H,1,,15,,GOOD
138089_4M31.jpg,138089,4,B,1,,15,,GOOD
102144_1M51.jpg,102144,1,B,1,,35,,GOOD
174086_02M36.jpg,174086,2,B,1,,20,,GOOD
261918_01M31.jpg,261918,1,H,1,,15,,GOOD
096213_4M36.jpg,96213,4,B,1,,20,,GOOD
095943_04M46.jpg,95943,4,B,1,,30,,GOOD
085438_06M46.jpg,85438,6,W,1,,30,,GOOD
076887_2F41.jpg,76887,2,B,-1,,25,,GOOD
129617_9M31.jpg,129617,9,W,1,,15,,GOOD
088987_2M36.jpg,88987,2,B,1,,20,,GOOD
260710_31M51.jpg,260710,31,W,1,,35,,GOOD
050361_1M46.jpg,50361,1,B,1,,30,,GOOD
125566_00M36.jpg,125566,0,B,1,,20,,GOOD
126115_3M31.jpg,126115,3,B,1,,15,,GOOD
091013_1F36.jpg,91013,1,B,-1,,20,,GOOD
114513_03M46.jpg,114513,3,B,1,,30,,GOOD
063237_03M41.jpg,63237,3,B,1,,25,,GOOD
100759_1M41.jpg,100759,1,B,1,,25,,GOOD
144637_01M41.jpg,144637,1,B,1,,25,,GOOD
227146_04F31.jpg,227146,4,B,-1,,15,,GOOD
090271_0M36.jpg,90271,0,B,1,,20,,GOOD
231783_00F31.jpg,231783,0,W,-1,,15,,GOOD
188326_01F46.jpg,188326,1,W,-1,,30,,GOOD
328291_01M31.jpg,328291,1,B,1,,15,,GOOD
070815_1M51.jpg,70815,1,B,1,,35,,GOOD
123433_0F31.jpg,123433,0,B,-1,,15,,GOOD
107438_1F41.jpg,107438,1,W,-1,,25,,GOOD
071945_0M41.jpg,71945,0,B,1,,25,,GOOD
166720_00M31.jpg,166720,0,B,1,,15,,GOOD
119392_1M31.jpg,119392,1,B,1,,15,,GOOD
326817_03M31.jpg,326817,3,B,1,,15,,GOOD
068705_1M41.jpg,68705,1,B,1,,25,,GOOD
166632_01M41.jpg,166632,1,B,1,,25,,GOOD
097947_02F46.jpg,97947,2,W,-1,,30,,GOOD
314008_01M46.jpg,314008,1,I,1,,30,,GOOD
311448_01F31.jpg,311448,1,W,-1,,15,,GOOD
061353_0M41.jpg,61353,0,B,1,,25,,GOOD
102013_06M41.jpg,102013,6,B,1,,25,,GOOD
126371_04M36.jpg,126371,4,W,1,,20,,GOOD
158513_11M31.jpg,158513,11,B,1,,15,,GOOD
266587_00M31.jpg,266587,0,B,1,,15,,GOOD
316851_01M36.jpg,316851,1,B,1,,20,,GOOD
138609_5M31.jpg,138609,5,W,1,,15,,GOOD
074734_1M41.jpg,74734,1,W,1,,25,,GOOD
190416_00M31.jpg,190416,0,W,1,,15,,GOOD
069791_02M51.jpg,69791,2,B,1,,35,,GOOD
120668_1M41.jpg,120668,1,B,1,,25,,GOOD
144868_01M51.jpg,144868,1,B,1,,35,,GOOD
188312_03M31.jpg,188312,3,W,1,,15,,GOOD
158175_24M56.jpg,158175,24,B,1,,40,,GOOD
072035_3M46.jpg,72035,3,B,1,,30,,GOOD
047803_1M46.jpg,47803,1,B,1,,30,,GOOD
127753_0M31.jpg,127753,0,B,1,,15,,GOOD
045763_0M46.jpg,45763,0,W,1,,30,,GOOD
121409_1M51.jpg,121409,1,B,1,,35,,GOOD
196025_02M36.jpg,196025,2,B,1,,20,,GOOD
135896_01M41.jpg,135896,1,B,1,,25,,GOOD
269943_02M51.jpg,269943,2,W,1,,35,,GOOD
261733_04M46.jpg,261733,4,B,1,,30,,GOOD
290704_03M41.jpg,290704,3,W,1,,25,,GOOD
239288_01M31.jpg,239288,1,B,1,,15,,GOOD
065012_1M41.jpg,65012,1,W,1,,25,,GOOD
237067_01F41.jpg,237067,1,H,-1,,25,,GOOD
058575_2M41.jpg,58575,2,B,1,,25,,GOOD
126977_3M31.jpg,126977,3,B,1,,15,,GOOD
083654_01M41.jpg,83654,1,B,1,,25,,GOOD
131148_1M36.jpg,131148,1,B,1,,20,,GOOD
196794_01M31.jpg,196794,1,B,1,,15,,GOOD
091246_8M41.jpg,91246,8,B,1,,25,,GOOD
131088_0M31.jpg,131088,0,B,1,,15,,GOOD
037747_2M51.jpg,37747,2,B,1,,35,,GOOD
118856_06M36.jpg,118856,6,B,1,,20,,GOOD
157665_02M31.jpg,157665,2,B,1,,15,,GOOD
162741_00M36.jpg,162741,0,B,1,,20,,GOOD
333358_00M41.jpg,333358,0,B,1,,25,,GOOD
320815_05F46.jpg,320815,5,W,-1,,30,,GOOD
294579_02F31.jpg,294579,2,W,-1,,15,,GOOD
072177_0M36.jpg,72177,0,W,1,,20,,GOOD
099573_3M51.jpg,99573,3,B,1,,35,,GOOD
111534_08M46.jpg,111534,8,W,1,,30,,GOOD
131174_05M41.jpg,131174,5,B,1,,25,,GOOD
073131_0M36.jpg,73131,0,B,1,,20,,GOOD
094809_4M36.jpg,94809,4,B,1,,20,,GOOD
137131_05M36.jpg,137131,5,B,1,,20,,GOOD
111091_0M36.jpg,111091,0,B,1,,20,,GOOD
297397_04M31.jpg,297397,4,B,1,,15,,GOOD
122253_5M36.jpg,122253,5,B,1,,20,,GOOD
194885_03F36.jpg,194885,3,W,-1,,20,,GOOD
081737_2F41.jpg,81737,2,W,-1,,25,,GOOD
060640_4M46.jpg,60640,4,B,1,,30,,GOOD
147659_01M31.jpg,147659,1,B,1,,15,,GOOD
074556_3M36.jpg,74556,3,B,1,,20,,GOOD
079214_4M36.jpg,79214,4,B,1,,20,,GOOD
083361_2M36.jpg,83361,2,W,1,,20,,GOOD
051180_18M51.jpg,51180,18,B,1,,35,,GOOD
170712_00M41.jpg,170712,0,B,1,,25,,GOOD
124825_4M36.jpg,124825,4,W,1,,20,,GOOD
237662_00F41.jpg,237662,0,B,-1,,25,,GOOD
078045_00M46.jpg,78045,0,B,1,,30,,GOOD
061222_4M41.jpg,61222,4,B,1,,25,,GOOD
065894_16M46.jpg,65894,16,B,1,,30,,GOOD
171640_01M41.jpg,171640,1,B,1,,25,,GOOD
050244_7M46.jpg,50244,7,B,1,,30,,GOOD
260710_33M51.jpg,260710,33,W,1,,35,,GOOD
088914_6F36.jpg,88914,6,B,-1,,20,,GOOD
113624_0M41.jpg,113624,0,B,1,,25,,GOOD
073156_1M36.jpg,73156,1,B,1,,20,,GOOD
076181_29M36.jpg,76181,29,B,1,,20,,GOOD
101948_00M36.jpg,101948,0,B,1,,20,,GOOD
196440_03M31.jpg,196440,3,B,1,,15,,GOOD
130144_1M31.jpg,130144,1,W,1,,15,,GOOD
115609_00M36.jpg,115609,0,B,1,,20,,GOOD
107071_0M36.jpg,107071,0,B,1,,20,,GOOD
089426_1M51.jpg,89426,1,B,1,,35,,GOOD
128680_03M41.jpg,128680,3,B,1,,25,,GOOD
320164_03M36.jpg,320164,3,B,1,,20,,GOOD
323444_03M51.jpg,323444,3,B,1,,35,,GOOD
113642_02M46.jpg,113642,2,W,1,,30,,GOOD
281555_00M36.jpg,281555,0,W,1,,20,,GOOD
203780_01F36.jpg,203780,1,B,-1,,20,,GOOD
144316_01M36.jpg,144316,1,B,1,,20,,GOOD
109021_02M36.jpg,109021,2,B,1,,20,,GOOD
117541_05M41.jpg,117541,5,W,1,,25,,GOOD
048703_4M46.jpg,48703,4,W,1,,30,,GOOD
125689_1M31.jpg,125689,1,B,1,,15,,GOOD
121338_08M36.jpg,121338,8,W,1,,20,,GOOD
121067_00F41.jpg,121067,0,B,-1,,25,,GOOD
310017_01F36.jpg,310017,1,W,-1,,20,,GOOD
087735_7M36.jpg,87735,7,B,1,,20,,GOOD
322677_06M46.jpg,322677,6,B,1,,30,,GOOD
327892_02F36.jpg,327892,2,W,-1,,20,,GOOD
071287_02F41.jpg,71287,2,B,-1,,25,,GOOD
085974_1M36.jpg,85974,1,B,1,,20,,GOOD
131174_4M41.jpg,131174,4,B,1,,25,,GOOD
325427_00M31.jpg,325427,0,W,1,,15,,GOOD
132547_05M41.jpg,132547,5,B,1,,25,,GOOD
057025_03M46.jpg,57025,3,B,1,,30,,GOOD
045655_0M51.jpg,45655,0,B,1,,35,,GOOD
180111_02M31.jpg,180111,2,B,1,,15,,GOOD
138565_17M46.jpg,138565,17,B,1,,30,,GOOD
056460_6M41.jpg,56460,6,B,1,,25,,GOOD
064649_1M41.jpg,64649,1,B,1,,25,,GOOD
071891_0M46.jpg,71891,0,B,1,,30,,GOOD
256709_00M36.jpg,256709,0,W,1,,20,,GOOD
322417_03M51.jpg,322417,3,B,1,,35,,GOOD
105685_07M36.jpg,105685,7,B,1,,20,,GOOD
324626_02M51.jpg,324626,2,B,1,,35,,GOOD
089945_0M41.jpg,89945,0,B,1,,25,,GOOD
072320_5M36.jpg,72320,5,W,1,,20,,GOOD
119035_1M36.jpg,119035,1,B,1,,20,,GOOD
323305_02M46.jpg,323305,2,B,1,,30,,GOOD
138849_1M31.jpg,138849,1,A,1,,15,,GOOD
108686_4M46.jpg,108686,4,B,1,,30,,GOOD
087151_2M41.jpg,87151,2,B,1,,25,,GOOD
131174_2M41.jpg,131174,2,B,1,,25,,GOOD
077468_0M41.jpg,77468,0,B,1,,25,,GOOD
197729_06M31.jpg,197729,6,B,1,,15,,GOOD
058953_5M41.jpg,58953,5,B,1,,25,,GOOD
157430_02M31.jpg,157430,2,B,1,,15,,GOOD
071802_05M46.jpg,71802,5,B,1,,30,,GOOD
319387_00M36.jpg,319387,0,H,1,,20,,GOOD
073091_1M41.jpg,73091,1,B,1,,25,,GOOD
115311_02F41.jpg,115311,2,B,-1,,25,,GOOD
318317_02M41.jpg,318317,2,W,1,,25,,GOOD
175305_02M31.jpg,175305,2,B,1,,15,,GOOD
105618_2M36.jpg,105618,2,B,1,,20,,GOOD
106354_02M36.jpg,106354,2,B,1,,20,,GOOD
120314_02F36.jpg,120314,2,W,-1,,20,,GOOD
265137_03F36.jpg,265137,3,B,-1,,20,,GOOD
090888_4M41.jpg,90888,4,B,1,,25,,GOOD
186032_00F36.jpg,186032,0,W,-1,,20,,GOOD
202195_02M41.jpg,202195,2,B,1,,25,,GOOD
105539_05F36.jpg,105539,5,B,-1,,20,,GOOD
102061_03M36.jpg,102061,3,B,1,,20,,GOOD
051962_2M46.jpg,51962,2,W,1,,30,,GOOD
200098_00F41.jpg,200098,0,W,-1,,25,,GOOD
084794_2M36.jpg,84794,2,W,1,,20,,GOOD
099857_5F41.jpg,99857,5,B,-1,,25,,GOOD
251503_00M56.jpg,251503,0,B,1,,40,,GOOD
102881_03M41.jpg,102881,3,B,1,,25,,GOOD
323444_02M51.jpg,323444,2,B,1,,35,,GOOD
095470_0M36.jpg,95470,0,B,1,,20,,GOOD
133294_09M41.jpg,133294,9,B,1,,25,,GOOD
114845_0F46.jpg,114845,0,W,-1,,30,,GOOD
049277_3M51.jpg,49277,3,B,1,,35,,GOOD
135396_1M41.jpg,135396,1,B,1,,25,,GOOD
239219_00F46.jpg,239219,0,W,-1,,30,,GOOD
061633_1M41.jpg,61633,1,B,1,,25,,GOOD
086201_1M36.jpg,86201,1,W,1,,20,,GOOD
085976_00M41.jpg,85976,0,B,1,,25,,GOOD
177434_02M31.jpg,177434,2,B,1,,15,,GOOD
075175_00M41.jpg,75175,0,B,1,,25,,GOOD
319490_03M36.jpg,319490,3,H,1,,20,,GOOD
129153_5M36.jpg,129153,5,B,1,,20,,GOOD
319331_01F36.jpg,319331,1,W,-1,,20,,GOOD
073754_2F51.jpg,73754,2,B,-1,,35,,GOOD
085344_3M36.jpg,85344,3,W,1,,20,,GOOD
099146_0M36.jpg,99146,0,B,1,,20,,GOOD
053194_2F51.jpg,53194,2,W,-1,,35,,GOOD
127650_3M41.jpg,127650,3,W,1,,25,,GOOD
123512_0M31.jpg,123512,0,B,1,,15,,GOOD
197138_07M31.jpg,197138,7,B,1,,15,,GOOD
098759_03M41.jpg,98759,3,B,1,,25,,GOOD
186409_02M41.jpg,186409,2,B,1,,25,,GOOD
258280_02M31.jpg,258280,2,B,1,,15,,GOOD
241816_00M51.jpg,241816,0,W,1,,35,,GOOD
089898_0M46.jpg,89898,0,W,1,,30,,GOOD
306815_05M31.jpg,306815,5,B,1,,15,,GOOD
071712_0M36.jpg,71712,0,B,1,,20,,GOOD
314008_02M46.jpg,314008,2,I,1,,30,,GOOD
183028_00M31.jpg,183028,0,B,1,,15,,GOOD
154854_04M36.jpg,154854,4,B,1,,20,,GOOD
286329_02F36.jpg,286329,2,W,-1,,20,,GOOD
088100_5M41.jpg,88100,5,B,1,,25,,GOOD
065183_0M41.jpg,65183,0,B,1,,25,,GOOD
133801_5M41.jpg,133801,5,B,1,,25,,GOOD
158175_23M56.jpg,158175,23,B,1,,40,,GOOD
125724_09M36.jpg,125724,9,B,1,,20,,GOOD
127384_8M41.jpg,127384,8,B,1,,25,,GOOD
174347_01M31.jpg,174347,1,W,1,,15,,GOOD
171809_01M56.jpg,171809,1,B,1,,40,,GOOD
181561_03M46.jpg,181561,3,B,1,,30,,GOOD
109385_1F51.jpg,109385,1,B,-1,,35,,GOOD
118481_1F31.jpg,118481,1,W,-1,,15,,GOOD
070815_2M51.jpg,70815,2,B,1,,35,,GOOD
308573_03M51.jpg,308573,3,W,1,,35,,GOOD
174580_10M31.jpg,174580,10,B,1,,15,,GOOD
277728_02M36.jpg,277728,2,W,1,,20,,GOOD
046544_1M46.jpg,46544,1,B,1,,30,,GOOD
197460_04F36.jpg,197460,4,B,-1,,20,,GOOD
062569_0M41.jpg,62569,0,B,1,,25,,GOOD
048967_11M46.jpg,48967,11,B,1,,30,,GOOD
204715_01M31.jpg,204715,1,B,1,,15,,GOOD
056460_2M41.jpg,56460,2,B,1,,25,,GOOD
093646_1M36.jpg,93646,1,B,1,,20,,GOOD
101680_9F31.jpg,101680,9,B,-1,,15,,GOOD
137007_3M31.jpg,137007,3,B,1,,15,,GOOD
333687_01M41.jpg,333687,1,B,1,,25,,GOOD
112527_2F36.jpg,112527,2,W,-1,,20,,GOOD
327585_05F31.jpg,327585,5,W,-1,,15,,GOOD
071676_3M36.jpg,71676,3,B,1,,20,,GOOD
163235_01M41.jpg,163235,1,B,1,,25,,GOOD
188813_02F31.jpg,188813,2,H,-1,,15,,GOOD
211864_00M36.jpg,211864,0,B,1,,20,,GOOD
057965_00F51.jpg,57965,0,B,-1,,35,,GOOD
079145_01M46.jpg,79145,1,B,1,,30,,GOOD
101825_1M36.jpg,101825,1,B,1,,20,,GOOD
308514_00M41.jpg,308514,0,W,1,,25,,GOOD
303766_03M36.jpg,303766,3,B,1,,20,,GOOD
079438_1F51.jpg,79438,1,B,-1,,35,,GOOD
310017_00F36.jpg,310017,0,W,-1,,20,,GOOD
133124_1F31.jpg,133124,1,B,-1,,15,,GOOD
134210_28M41.jpg,134210,28,B,1,,25,,GOOD
105940_03M36.jpg,105940,3,B,1,,20,,GOOD
113794_1F31.jpg,113794,1,B,-1,,15,,GOOD
049679_01M46.jpg,49679,1,W,1,,30,,GOOD
061973_1F41.jpg,61973,1,W,-1,,25,,GOOD
110746_09M36.jpg,110746,9,B,1,,20,,GOOD
051433_4M46.jpg,51433,4,B,1,,30,,GOOD
334292_02M31.jpg,334292,2,W,1,,15,,GOOD
182955_03M46.jpg,182955,3,B,1,,30,,GOOD
129663_0M31.jpg,129663,0,B,1,,15,,GOOD
332063_01M36.jpg,332063,1,B,1,,20,,GOOD
158513_04M31.jpg,158513,4,B,1,,15,,GOOD
145468_00M31.jpg,145468,0,B,1,,15,,GOOD
063020_2M41.jpg,63020,2,W,1,,25,,GOOD
238199_00M31.jpg,238199,0,H,1,,15,,GOOD
319318_05M41.jpg,319318,5,B,1,,25,,GOOD
171809_00M56.jpg,171809,0,B,1,,40,,GOOD
156012_01M31.jpg,156012,1,W,1,,15,,GOOD
180111_04M31.jpg,180111,4,B,1,,15,,GOOD
314031_01M36.jpg,314031,1,B,1,,20,,GOOD
063238_10M51.jpg,63238,10,B,1,,35,,GOOD
190177_02M31.jpg,190177,2,B,1,,15,,GOOD
128861_0M31.jpg,128861,0,B,1,,15,,GOOD
053653_1M46.jpg,53653,1,W,1,,30,,GOOD
107297_6M36.jpg,107297,6,B,1,,20,,GOOD
120365_14F51.jpg,120365,14,W,-1,,35,,GOOD
178969_00M46.jpg,178969,0,B,1,,30,,GOOD
091696_2M41.jpg,91696,2,B,1,,25,,GOOD
068786_1M51.jpg,68786,1,W,1,,35,,GOOD
073644_0M51.jpg,73644,0,B,1,,35,,GOOD
092238_0M46.jpg,92238,0,B,1,,30,,GOOD
275165_02M46.jpg,275165,2,B,1,,30,,GOOD
116190_0M31.jpg,116190,0,B,1,,15,,GOOD
323296_07M31.jpg,323296,7,B,1,,15,,GOOD
320815_06F46.jpg,320815,6,W,-1,,30,,GOOD
081047_5M41.jpg,81047,5,W,1,,25,,GOOD
165750_03F31.jpg,165750,3,B,-1,,15,,GOOD
134931_0M31.jpg,134931,0,B,1,,15,,GOOD
146340_00M31.jpg,146340,0,B,1,,15,,GOOD
059894_6M41.jpg,59894,6,W,1,,25,,GOOD
078895_0M51.jpg,78895,0,B,1,,35,,GOOD
050079_02M46.jpg,50079,2,W,1,,30,,GOOD
194712_01F31.jpg,194712,1,B,-1,,15,,GOOD
320434_00M31.jpg,320434,0,B,1,,15,,GOOD
071396_02M41.jpg,71396,2,B,1,,25,,GOOD
121712_04M41.jpg,121712,4,B,1,,25,,GOOD
172810_03M46.jpg,172810,3,B,1,,30,,GOOD
328135_00M41.jpg,328135,0,B,1,,25,,GOOD
138090_1M41.jpg,138090,1,W,1,,25,,GOOD
076368_10M41.jpg,76368,10,B,1,,25,,GOOD
148733_04M41.jpg,148733,4,W,1,,25,,GOOD
124205_1F36.jpg,124205,1,B,-1,,20,,GOOD
124825_0M36.jpg,124825,0,W,1,,20,,GOOD
126202_04M36.jpg,126202,4,B,1,,20,,GOOD
099284_1M46.jpg,99284,1,W,1,,30,,GOOD
342397_01M36.jpg,342397,1,B,1,,20,,GOOD
106907_15M36.jpg,106907,15,B,1,,20,,GOOD
333670_00M31.jpg,333670,0,W,1,,15,,GOOD
146963_01M36.jpg,146963,1,B,1,,20,,GOOD
073890_01M51.jpg,73890,1,B,1,,35,,GOOD
103000_03M41.jpg,103000,3,B,1,,25,,GOOD
166740_00M46.jpg,166740,0,B,1,,30,,GOOD
063780_0M41.jpg,63780,0,B,1,,25,,GOOD
286581_05F56.jpg,286581,5,W,-1,,40,,GOOD
320434_01M31.jpg,320434,1,B,1,,15,,GOOD
150780_00F31.jpg,150780,0,B,-1,,15,,GOOD
096895_06M36.jpg,96895,6,B,1,,20,,GOOD
128505_1M31.jpg,128505,1,B,1,,15,,GOOD
138706_1M31.jpg,138706,1,B,1,,15,,GOOD
133801_4M41.jpg,133801,4,B,1,,25,,GOOD
145289_01M51.jpg,145289,1,W,1,,35,,GOOD
091246_6M41.jpg,91246,6,B,1,,25,,GOOD
173844_00M31.jpg,173844,0,B,1,,15,,GOOD
267957_07M41.jpg,267957,7,B,1,,25,,GOOD
168175_03M36.jpg,168175,3,B,1,,20,,GOOD
122531_4M46.jpg,122531,4,B,1,,30,,GOOD
168641_01M31.jpg,168641,1,W,1,,15,,GOOD
127384_4M41.jpg,127384,4,B,1,,25,,GOOD
064528_0M51.jpg,64528,0,B,1,,35,,GOOD
331839_00M41.jpg,331839,0,W,1,,25,,GOOD
325940_00M31.jpg,325940,0,B,1,,15,,GOOD
126194_0M31.jpg,126194,0,B,1,,15,,GOOD
236993_03M46.jpg,236993,3,B,1,,30,,GOOD
063200_1M41.jpg,63200,1,B,1,,25,,GOOD
157748_02M41.jpg,157748,2,W,1,,25,,GOOD
138764_2M31.jpg,138764,2,B,1,,15,,GOOD
059854_0F46.jpg,59854,0,B,-1,,30,,GOOD
216437_03M31.jpg,216437,3,B,1,,15,,GOOD
298189_08M51.jpg,298189,8,B,1,,35,,GOOD
262897_02F36.jpg,262897,2,B,-1,,20,,GOOD
117480_00M36.jpg,117480,0,W,1,,20,,GOOD
293790_00M31.jpg,293790,0,B,1,,15,,GOOD
065696_05F51.jpg,65696,5,B,-1,,35,,GOOD
071636_0M36.jpg,71636,0,W,1,,20,,GOOD
286581_04F56.jpg,286581,4,W,-1,,40,,GOOD
196897_15M31.jpg,196897,15,B,1,,15,,GOOD
050598_1M46.jpg,50598,1,B,1,,30,,GOOD
140370_00M31.jpg,140370,0,W,1,,15,,GOOD
052140_02M46.jpg,52140,2,W,1,,30,,GOOD
068353_4F41.jpg,68353,4,W,-1,,25,,GOOD
150780_01F31.jpg,150780,1,B,-1,,15,,GOOD
315891_02M31.jpg,315891,2,W,1,,15,,GOOD
124155_0M31.jpg,124155,0,B,1,,15,,GOOD
046298_01M51.jpg,46298,1,B,1,,35,,GOOD
073150_03M41.jpg,73150,3,B,1,,25,,GOOD
118990_03M36.jpg,118990,3,B,1,,20,,GOOD
087231_10M41.jpg,87231,10,B,1,,25,,GOOD
295694_02M31.jpg,295694,2,B,1,,15,,GOOD
049428_8M46.jpg,49428,8,B,1,,30,,GOOD
111392_0M31.jpg,111392,0,B,1,,15,,GOOD
179754_01M31.jpg,179754,1,B,1,,15,,GOOD
290009_02M36.jpg,290009,2,B,1,,20,,GOOD
272480_02M31.jpg,272480,2,W,1,,15,,GOOD
101354_1M41.jpg,101354,1,B,1,,25,,GOOD
129587_07F51.jpg,129587,7,B,-1,,35,,GOOD
056460_1M41.jpg,56460,1,B,1,,25,,GOOD
162741_01M36.jpg,162741,1,B,1,,20,,GOOD
048728_4M51.jpg,48728,4,B,1,,35,,GOOD
067230_04M46.jpg,67230,4,B,1,,30,,GOOD
125724_08M36.jpg,125724,8,B,1,,20,,GOOD
060929_4M41.jpg,60929,4,B,1,,25,,GOOD
113621_19F41.jpg,113621,19,B,-1,,25,,GOOD
116196_0M41.jpg,116196,0,W,1,,25,,GOOD
256394_04F46.jpg,256394,4,W,-1,,30,,GOOD
115577_02M36.jpg,115577,2,B,1,,20,,GOOD
229042_01M46.jpg,229042,1,B,1,,30,,GOOD
232758_01M41.jpg,232758,1,H,1,,25,,GOOD
296085_12M51.jpg,296085,12,B,1,,35,,GOOD
080471_0M51.jpg,80471,0,W,1,,35,,GOOD
154854_02M36.jpg,154854,2,B,1,,20,,GOOD
096360_02M46.jpg,96360,2,B,1,,30,,GOOD
133497_3M36.jpg,133497,3,W,1,,20,,GOOD
045247_0M56.jpg,45247,0,W,1,,40,,GOOD
179647_03M36.jpg,179647,3,W,1,,20,,GOOD
062276_14M46.jpg,62276,14,B,1,,30,,GOOD
257540_01M36.jpg,257540,1,B,1,,20,,GOOD
102417_0M36.jpg,102417,0,B,1,,20,,GOOD
054162_0M51.jpg,54162,0,W,1,,35,,GOOD
110481_04F36.jpg,110481,4,B,-1,,20,,GOOD
085845_03M46.jpg,85845,3,B,1,,30,,GOOD
120143_00M36.jpg,120143,0,B,1,,20,,GOOD
102858_0M41.jpg,102858,0,B,1,,25,,GOOD
305934_02M36.jpg,305934,2,B,1,,20,,GOOD
145860_01M36.jpg,145860,1,B,1,,20,,GOOD
055696_9F46.jpg,55696,9,B,-1,,30,,GOOD
080574_03F41.jpg,80574,3,B,-1,,25,,GOOD
060249_00M46.jpg,60249,0,B,1,,30,,GOOD
046271_1M46.jpg,46271,1,B,1,,30,,GOOD
120907_0M41.jpg,120907,0,B,1,,25,,GOOD
285001_05F46.jpg,285001,5,B,-1,,30,,GOOD
303968_02M46.jpg,303968,2,B,1,,30,,GOOD
163235_07M41.jpg,163235,7,B,1,,25,,GOOD
233131_00F41.jpg,233131,0,W,-1,,25,,GOOD
099187_02F36.jpg,99187,2,B,-1,,20,,GOOD
030267_1M56.jpg,30267,1,B,1,,40,,GOOD
070402_3M36.jpg,70402,3,B,1,,20,,GOOD
038059_2M51.jpg,38059,2,B,1,,35,,GOOD
261733_03M46.jpg,261733,3,B,1,,30,,GOOD
063020_3M41.jpg,63020,3,W,1,,25,,GOOD
074963_0F41.jpg,74963,0,B,-1,,25,,GOOD
040569_1M56.jpg,40569,1,B,1,,40,,GOOD
061533_3M41.jpg,61533,3,B,1,,25,,GOOD
063350_1M41.jpg,63350,1,W,1,,25,,GOOD
165006_03M31.jpg,165006,3,B,1,,15,,GOOD
099857_16F41.jpg,99857,16,B,-1,,25,,GOOD
188108_01F41.jpg,188108,1,B,-1,,25,,GOOD
317992_01M36.jpg,317992,1,B,1,,20,,GOOD
060818_0M41.jpg,60818,0,B,1,,25,,GOOD
303409_02M31.jpg,303409,2,B,1,,15,,GOOD
323889_06F36.jpg,323889,6,W,-1,,20,,GOOD
124855_3M31.jpg,124855,3,B,1,,15,,GOOD
320453_00M41.jpg,320453,0,B,1,,25,,GOOD
328207_01M46.jpg,328207,1,W,1,,30,,GOOD
196025_03M36.jpg,196025,3,B,1,,20,,GOOD
135413_2M41.jpg,135413,2,W,1,,25,,GOOD
054121_0M51.jpg,54121,0,B,1,,35,,GOOD
311782_01M31.jpg,311782,1,B,1,,15,,GOOD
050714_00M56.jpg,50714,0,B,1,,40,,GOOD
158175_27M56.jpg,158175,27,B,1,,40,,GOOD
298528_01M36.jpg,298528,1,W,1,,20,,GOOD
144047_05M41.jpg,144047,5,W,1,,25,,GOOD
119392_3M31.jpg,119392,3,B,1,,15,,GOOD
238011_03M41.jpg,238011,3,W,1,,25,,GOOD
101354_0M41.jpg,101354,0,B,1,,25,,GOOD
165812_06M31.jpg,165812,6,B,1,,15,,GOOD
034358_2M56.jpg,34358,2,B,1,,40,,GOOD
179176_03F36.jpg,179176,3,B,-1,,20,,GOOD
175465_01M31.jpg,175465,1,B,1,,15,,GOOD
155809_00M31.jpg,155809,0,B,1,,15,,GOOD
152101_01M31.jpg,152101,1,W,1,,15,,GOOD
117541_0M36.jpg,117541,0,W,1,,20,,GOOD
068739_03M46.jpg,68739,3,B,1,,30,,GOOD
107438_2F41.jpg,107438,2,W,-1,,25,,GOOD
091634_1M41.jpg,91634,1,B,1,,25,,GOOD
109453_0M36.jpg,109453,0,B,1,,20,,GOOD
102295_11M36.jpg,102295,11,B,1,,20,,GOOD
046830_0M46.jpg,46830,0,B,1,,30,,GOOD
322857_03F41.jpg,322857,3,B,-1,,25,,GOOD
317335_03M51.jpg,317335,3,B,1,,35,,GOOD
087233_1M36.jpg,87233,1,B,1,,20,,GOOD
065894_15M46.jpg,65894,15,B,1,,30,,GOOD
331710_02M31.jpg,331710,2,B,1,,15,,GOOD
056460_4M41.jpg,56460,4,B,1,,25,,GOOD
276980_02M41.jpg,276980,2,B,1,,25,,GOOD
050539_0M46.jpg,50539,0,B,1,,30,,GOOD
276998_04M31.jpg,276998,4,B,1,,15,,GOOD
317511_01F31.jpg,317511,1,B,-1,,15,,GOOD
229042_02M46.jpg,229042,2,B,1,,30,,GOOD
061758_0F41.jpg,61758,0,B,-1,,25,,GOOD
077409_0M36.jpg,77409,0,B,1,,20,,GOOD
055904_0M36.jpg,55904,0,B,1,,20,,GOOD
043318_00M56.jpg,43318,0,B,1,,40,,GOOD
328895_00M31.jpg,328895,0,W,1,,15,,GOOD
103680_0M46.jpg,103680,0,B,1,,30,,GOOD
238011_05M41.jpg,238011,5,W,1,,25,,GOOD
326200_01M36.jpg,326200,1,B,1,,20,,GOOD
077958_2M56.jpg,77958,2,B,1,,40,,GOOD
165153_02M31.jpg,165153,2,B,1,,15,,GOOD
095303_4M36.jpg,95303,4,B,1,,20,,GOOD
071118_5M41.jpg,71118,5,W,1,,25,,GOOD
085344_2M36.jpg,85344,2,B,1,,20,,GOOD
109833_6M46.jpg,109833,6,B,1,,30,,GOOD
134999_0F46.jpg,134999,0,B,-1,,30,,GOOD
075709_0M41.jpg,75709,0,B,1,,25,,GOOD
158064_00M31.jpg,158064,0,B,1,,15,,GOOD
332206_02M31.jpg,332206,2,W,1,,15,,GOOD
184541_04M36.jpg,184541,4,B,1,,20,,GOOD
067509_04M41.jpg,67509,4,B,1,,25,,GOOD
090222_3M36.jpg,90222,3,B,1,,20,,GOOD
087233_0M36.jpg,87233,0,B,1,,20,,GOOD
337036_01M31.jpg,337036,1,W,1,,15,,GOOD
121359_7F36.jpg,121359,7,B,-1,,20,,GOOD
045763_1M46.jpg,45763,1,W,1,,30,,GOOD
175453_01M36.jpg,175453,1,B,1,,20,,GOOD
070147_0F41.jpg,70147,0,B,-1,,25,,GOOD
030091_0M56.jpg,30091,0,B,1,,40,,GOOD
070402_2M36.jpg,70402,2,B,1,,20,,GOOD
323968_05M41.jpg,323968,5,W,1,,25,,GOOD
196012_04M31.jpg,196012,4,B,1,,15,,GOOD
112380_5M41.jpg,112380,5,B,1,,25,,GOOD
061306_2M41.jpg,61306,2,B,1,,25,,GOOD
054406_4M46.jpg,54406,4,B,1,,30,,GOOD
043588_2M51.jpg,43588,2,B,1,,35,,GOOD
121272_4F36.jpg,121272,4,B,-1,,20,,GOOD
082025_1M36.jpg,82025,1,B,1,,20,,GOOD
109603_1F36.jpg,109603,1,B,-1,,20,,GOOD
224873_01M56.jpg,224873,1,B,1,,40,,GOOD
275647_03M36.jpg,275647,3,H,1,,20,,GOOD
299227_01F36.jpg,299227,1,H,-1,,20,,GOOD
190024_02F36.jpg,190024,2,B,-1,,20,,GOOD
169859_00M31.jpg,169859,0,B,1,,15,,GOOD
144196_00M31.jpg,144196,0,B,1,,15,,GOOD
059772_1F41.jpg,59772,1,B,-1,,25,,GOOD
121473_0M46.jpg,121473,0,B,1,,30,,GOOD
331877_00F31.jpg,331877,0,B,-1,,15,,GOOD
098104_0M56.jpg,98104,0,W,1,,40,,GOOD
250137_00M31.jpg,250137,0,B,1,,15,,GOOD
214404_02F36.jpg,214404,2,W,-1,,20,,GOOD
119401_0M36.jpg,119401,0,B,1,,20,,GOOD
136755_1M31.jpg,136755,1,B,1,,15,,GOOD
199803_03F36.jpg,199803,3,B,-1,,20,,GOOD
146981_01M31.jpg,146981,1,B,1,,15,,GOOD
340910_00M41.jpg,340910,0,W,1,,25,,GOOD
126138_0M31.jpg,126138,0,B,1,,15,,GOOD
064747_1M51.jpg,64747,1,W,1,,35,,GOOD
056273_1M46.jpg,56273,1,B,1,,30,,GOOD
100744_9M36.jpg,100744,9,B,1,,20,,GOOD
210571_02M46.jpg,210571,2,B,1,,30,,GOOD
132912_1M31.jpg,132912,1,B,1,,15,,GOOD
086574_5F36.jpg,86574,5,B,-1,,20,,GOOD
104821_00F36.jpg,104821,0,W,-1,,20,,GOOD
150482_00M31.jpg,150482,0,B,1,,15,,GOOD
071676_0M36.jpg,71676,0,B,1,,20,,GOOD
126139_2F36.jpg,126139,2,B,-1,,20,,GOOD
102013_08M41.jpg,102013,8,B,1,,25,,GOOD
043561_1M56.jpg,43561,1,B,1,,40,,GOOD
330871_00F36.jpg,330871,0,W,-1,,20,,GOOD
102532_2M36.jpg,102532,2,B,1,,20,,GOOD
312953_01M36.jpg,312953,1,B,1,,20,,GOOD
070081_3F36.jpg,70081,3,B,-1,,20,,GOOD
059852_1M41.jpg,59852,1,B,1,,25,,GOOD
304846_01M36.jpg,304846,1,B,1,,20,,GOOD
071802_07M46.jpg,71802,7,B,1,,30,,GOOD
116294_01M41.jpg,116294,1,W,1,,25,,GOOD
129617_8M31.jpg,129617,8,W,1,,15,,GOOD
319951_00M41.jpg,319951,0,B,1,,25,,GOOD
117130_02M36.jpg,117130,2,B,1,,20,,GOOD
158175_25M56.jpg,158175,25,B,1,,40,,GOOD
088896_01M46.jpg,88896,1,B,1,,30,,GOOD
051962_1M46.jpg,51962,1,W,1,,30,,GOOD
315611_03M46.jpg,315611,3,B,1,,30,,GOOD
093371_5M36.jpg,93371,5,B,1,,20,,GOOD
058633_1M51.jpg,58633,1,B,1,,35,,GOOD
303968_01M46.jpg,303968,1,B,1,,30,,GOOD
070081_2F36.jpg,70081,2,B,-1,,20,,GOOD
078673_0M41.jpg,78673,0,W,1,,25,,GOOD
132823_7M31.jpg,132823,7,B,1,,15,,GOOD
172022_00M31.jpg,172022,0,B,1,,15,,GOOD
159726_03M41.jpg,159726,3,B,1,,25,,GOOD
116581_02F51.jpg,116581,2,B,-1,,35,,GOOD
125991_1M36.jpg,125991,1,B,1,,20,,GOOD
194885_06F36.jpg,194885,6,W,-1,,20,,GOOD
321237_01F41.jpg,321237,1,B,-1,,25,,GOOD
050714_01M56.jpg,50714,1,B,1,,40,,GOOD
113372_0M36.jpg,113372,0,B,1,,20,,GOOD
105058_4M46.jpg,105058,4,B,1,,30,,GOOD
089269_01M46.jpg,89269,1,W,1,,30,,GOOD
044653_2M46.jpg,44653,2,B,1,,30,,GOOD
035708_01M56.jpg,35708,1,B,1,,40,,GOOD
300918_02M31.jpg,300918,2,H,1,,15,,GOOD
046770_7M46.jpg,46770,7,W,1,,30,,GOOD
163235_02M41.jpg,163235,2,B,1,,25,,GOOD
322677_05M46.jpg,322677,5,B,1,,30,,GOOD
062849_03M46.jpg,62849,3,B,1,,30,,GOOD
068275_0M36.jpg,68275,0,B,1,,20,,GOOD
142014_02F36.jpg,142014,2,B,-1,,20,,GOOD
290387_07F31.jpg,290387,7,W,-1,,15,,GOOD
261430_02M31.jpg,261430,2,W,1,,15,,GOOD
319852_02M36.jpg,319852,2,B,1,,20,,GOOD
303495_00M41.jpg,303495,0,W,1,,25,,GOOD
132547_06M41.jpg,132547,6,B,1,,25,,GOOD
090271_2M36.jpg,90271,2,B,1,,20,,GOOD
110901_0M31.jpg,110901,0,B,1,,15,,GOOD
063197_4M46.jpg,63197,4,B,1,,30,,GOOD
137863_04F36.jpg,137863,4,B,-1,,20,,GOOD
178382_02M46.jpg,178382,2,B,1,,30,,GOOD
050973_0M46.jpg,50973,0,B,1,,30,,GOOD
053653_7M46.jpg,53653,7,W,1,,30,,GOOD
137269_00M46.jpg,137269,0,W,1,,30,,GOOD
057200_1M41.jpg,57200,1,B,1,,25,,GOOD
091014_1M36.jpg,91014,1,B,1,,20,,GOOD
089504_1M36.jpg,89504,1,B,1,,20,,GOOD
080076_2M41.jpg,80076,2,B,1,,25,,GOOD
169775_05M31.jpg,169775,5,B,1,,15,,GOOD
